Date,Close,High,Low,Open,Volume,return
2019-01-02,6734.2001953125,6753.2998046875,6599.5,6728.10009765625,614252000.0,
2019-01-03,6692.7001953125,6753.10009765625,6685.10009765625,6734.2001953125,674099100.0,-0.6181639983127057
2019-01-04,6837.39990234375,6850.39990234375,6692.5,6692.7001953125,639136700.0,2.1390118782479974
2019-01-07,6810.89990234375,6874.10009765625,6778.0,6837.39990234375,736559900.0,-0.38832724486498027
2019-01-08,6861.60009765625,6901.5,6804.89990234375,6810.89990234375,651977000.0,0.7416409245037757
2019-01-09,6906.60009765625,6938.2998046875,6861.60009765625,6861.60009765625,860684900.0,0.6536825380129173
2019-01-10,6942.89990234375,6948.2001953125,6860.7998046875,6906.60009765625,611434300.0,0.5242050299471617
2019-01-11,6918.2001953125,7001.89990234375,6902.7001953125,6942.89990234375,680478600.0,-0.35638921875583274
2019-01-14,6855.0,6918.2001953125,6841.7001953125,6918.2001953125,683449700.0,-0.917733540412482
2019-01-15,6895.0,6910.5,6849.60009765625,6855.0,687341200.0,0.5818198230987481
2019-01-16,6862.7001953125,6912.39990234375,6848.60009765625,6895.0,787626400.0,-0.4695532476286823
2019-01-17,6834.89990234375,6862.7001953125,6799.0,6862.7001953125,582654200.0,-0.4059153565884007
2019-01-18,6968.2998046875,6984.39990234375,6834.89990234375,6834.89990234375,795742900.0,1.932943935256045
2019-01-21,6970.60009765625,6987.89990234375,6954.5,6968.2998046875,474827100.0,0.03300537353375131
2019-01-22,6901.39990234375,6970.60009765625,6880.7001953125,6970.60009765625,565967800.0,-0.9977042868389784
2019-01-23,6842.89990234375,6901.60009765625,6834.2998046875,6901.39990234375,646039700.0,-0.8512671303821339
2019-01-24,6819.0,6854.60009765625,6802.0,6842.89990234375,599978600.0,-0.3498770580265271
2019-01-25,6809.2001953125,6858.2001953125,6806.7998046875,6819.0,727497200.0,-0.14381658966186936
2019-01-28,6747.10009765625,6812.5,6734.0,6809.2001953125,648213700.0,-0.9161870230529288
2019-01-29,6833.89990234375,6860.2998046875,6747.10009765625,6747.10009765625,697035900.0,1.2782709165940092
2019-01-30,6941.60009765625,6967.7001953125,6833.89990234375,6833.89990234375,748772100.0,1.5636802988097078
2019-01-31,6968.89990234375,6994.89990234375,6941.10009765625,6941.60009765625,866316300.0,0.3925069513860492
2019-02-01,7020.2001953125,7024.5,6968.89990234375,6968.89990234375,630712300.0,0.7334356402611306
2019-02-04,7034.10009765625,7046.60009765625,7002.39990234375,7020.2001953125,611990600.0,0.19780290140471976
2019-02-05,7177.39990234375,7180.7001953125,7033.60009765625,7034.10009765625,662979300.0,2.016742238629892
2019-02-06,7173.10009765625,7184.2001953125,7146.7001953125,7177.39990234375,599487700.0,-0.05992550526008129
2019-02-07,7093.60009765625,7187.5,7093.60009765625,7173.10009765625,649638500.0,-1.1144948979151292
2019-02-08,7071.2001953125,7115.7998046875,7064.89990234375,7093.60009765625,532300500.0,-0.3162758465028004
2019-02-11,7129.10009765625,7149.2001953125,7071.2001953125,7071.2001953125,548318300.0,0.8154788562718418
2019-02-12,7133.10009765625,7168.60009765625,7121.7001953125,7129.10009765625,526735100.0,0.0560923286744088
2019-02-13,7190.7998046875,7205.10009765625,7133.10009765625,7133.10009765625,561646800.0,0.8056467793775582
2019-02-14,7197.0,7232.7998046875,7183.0,7190.7998046875,519107200.0,0.08618684969860528
2019-02-15,7236.7001953125,7261.60009765625,7185.2001953125,7197.0,688422300.0,0.5501055847252007
2019-02-18,7219.5,7242.10009765625,7209.7001953125,7236.7001953125,440062500.0,-0.23796299437825502
2019-02-19,7179.2001953125,7219.5,7162.7998046875,7219.5,624124300.0,-0.5597714984225942
2019-02-20,7228.60009765625,7234.2001953125,7178.0,7179.2001953125,861254900.0,0.6857409864258683
2019-02-21,7167.39990234375,7228.7998046875,7141.89990234375,7228.60009765625,798796000.0,-0.8502440122231324
2019-02-22,7178.60009765625,7220.5,7162.39990234375,7167.39990234375,646718000.0,0.15614383923170883
2019-02-25,7183.7001953125,7210.7001953125,7158.2001953125,7178.60009765625,644937500.0,0.0710206271500659
2019-02-26,7151.10009765625,7183.7998046875,7091.60009765625,7183.7001953125,865719700.0,-0.4548393167983609
2019-02-27,7107.2001953125,7151.10009765625,7082.60009765625,7151.10009765625,870721000.0,-0.6157822483866559
2019-02-28,7074.7001953125,7107.2001953125,7041.0,7107.2001953125,979616900.0,-0.4583314788307433
2019-03-01,7106.7001953125,7129.7001953125,7074.7001953125,7074.7001953125,700825200.0,0.4512961122323426
2019-03-04,7134.39990234375,7166.2001953125,7106.7001953125,7106.7001953125,634698800.0,0.38901126700717026
2019-03-05,7183.39990234375,7191.7001953125,7127.2001953125,7134.39990234375,795291200.0,0.6844653783335686
2019-03-06,7196.0,7211.7998046875,7170.2998046875,7183.39990234375,791979200.0,0.1752521101957524
2019-03-07,7157.60009765625,7196.0,7126.60009765625,7196.0,691317400.0,-0.5350573193323246
2019-03-08,7104.2998046875,7157.60009765625,7077.89990234375,7157.60009765625,622101900.0,-0.7474535859167791
2019-03-11,7130.60009765625,7181.60009765625,7104.2998046875,7104.2998046875,674285200.0,0.36951890178992464
2019-03-12,7151.2001953125,7166.60009765625,7083.2001953125,7130.60009765625,752033900.0,0.28848060496601347
2019-03-13,7159.2001953125,7181.89990234375,7128.7001953125,7151.2001953125,744627600.0,0.1118068064486083
2019-03-14,7185.39990234375,7215.5,7148.10009765625,7159.2001953125,791259700.0,0.36529057605430165
2019-03-15,7228.2998046875,7243.7998046875,7185.39990234375,7185.39990234375,1335709200.0,0.5952674177080011
2019-03-18,7299.2001953125,7299.2001953125,7228.2001953125,7228.2998046875,642988100.0,0.9760929760536317
2019-03-19,7324.0,7350.10009765625,7294.5,7299.2001953125,598904100.0,0.33918469462633305
2019-03-20,7291.0,7341.60009765625,7291.0,7324.0,748851100.0,-0.4515915987971065
2019-03-21,7355.2998046875,7370.60009765625,7290.60009765625,7291.0,709429100.0,0.8780404422492095
2019-03-22,7207.60009765625,7356.39990234375,7192.7998046875,7355.2998046875,694767600.0,-2.0285076827197113
2019-03-25,7177.60009765625,7208.10009765625,7146.7998046875,7207.60009765625,586169600.0,-0.4170959470139347
2019-03-26,7196.2998046875,7221.0,7169.39990234375,7177.60009765625,629605500.0,0.260189895683936
2019-03-27,7194.2001953125,7222.60009765625,7160.10009765625,7196.2998046875,678742500.0,-0.02918049254575619
2019-03-28,7234.2998046875,7265.5,7190.89990234375,7194.2001953125,568044400.0,0.5558403523245224
2019-03-29,7279.2001953125,7287.7001953125,7223.2998046875,7234.2998046875,794400900.0,0.6187416387856378
2019-04-01,7317.39990234375,7352.2001953125,7279.2001953125,7279.2001953125,697005200.0,0.5234067383343661
2019-04-02,7391.10009765625,7403.60009765625,7316.7998046875,7317.39990234375,720842000.0,1.0021526617506982
2019-04-03,7418.2998046875,7418.2998046875,7380.89990234375,7391.10009765625,880770400.0,0.36733071960819635
2019-04-04,7401.89990234375,7418.39990234375,7367.39990234375,7418.2998046875,675670900.0,-0.22131832717622943
2019-04-05,7446.89990234375,7461.39990234375,7400.7998046875,7401.89990234375,679960600.0,0.6061114481436781
2019-04-08,7451.89990234375,7459.89990234375,7420.39990234375,7446.89990234375,571379100.0,0.06711950295669587
2019-04-09,7425.60009765625,7477.60009765625,7413.2998046875,7451.89990234375,652297100.0,-0.35355176720380216
2019-04-10,7421.89990234375,7441.39990234375,7409.39990234375,7425.60009765625,569746800.0,-0.04984267235700294
2019-04-11,7418.0,7441.89990234375,7383.5,7421.89990234375,629602900.0,-0.052559686509931966
2019-04-12,7437.10009765625,7454.7998046875,7415.0,7418.0,696895600.0,0.2571521976424936
2019-04-15,7436.89990234375,7447.10009765625,7420.2998046875,7437.10009765625,511603500.0,-0.0026918826477381917
2019-04-16,7469.89990234375,7485.89990234375,7436.89990234375,7436.89990234375,623807300.0,0.44275168836165085
2019-04-17,7471.2998046875,7479.0,7445.10009765625,7469.89990234375,646326400.0,0.018738821182977292
2019-04-18,7459.89990234375,7475.89990234375,7437.89990234375,7471.2998046875,520513300.0,-0.15269911035319023
2019-04-23,7523.10009765625,7528.89990234375,7459.89990234375,7459.89990234375,772087000.0,0.8436303830783975
2019-04-24,7471.7998046875,7523.7998046875,7456.7001953125,7523.10009765625,682647400.0,-0.6842392206977551
2019-04-25,7434.10009765625,7473.2998046875,7406.0,7471.7998046875,674377600.0,-0.5058371203856429
2019-04-26,7428.2001953125,7442.2001953125,7398.60009765625,7434.10009765625,839779200.0,-0.07939420597570603
2019-04-29,7440.7001953125,7456.5,7406.5,7428.2001953125,491223900.0,0.1681362120449731
2019-04-30,7418.2001953125,7451.2998046875,7394.10009765625,7440.7001953125,751088200.0,-0.302849021199844
2019-05-01,7385.2998046875,7446.5,7379.7001953125,7418.2001953125,336726900.0,-0.4444954881540721
2019-05-02,7351.2998046875,7393.89990234375,7339.5,7385.2998046875,618376400.0,-0.46143698315370973
2019-05-03,7380.60009765625,7418.2001953125,7350.0,7351.2998046875,462290200.0,0.3977807587308051
2019-05-07,7260.5,7380.60009765625,7251.0,7380.60009765625,880585900.0,-1.640625236348053
2019-05-08,7271.0,7278.2998046875,7222.89990234375,7260.5,809211600.0,0.14451366792646061
2019-05-09,7207.39990234375,7271.0,7192.2001953125,7271.0,854458400.0,-0.8785571219543785
2019-05-10,7203.2998046875,7268.2001953125,7189.89990234375,7207.39990234375,618170400.0,-0.05690352099814207
2019-05-13,7163.7001953125,7217.10009765625,7150.89990234375,7203.2998046875,773553600.0,-0.5512592699463846
2019-05-14,7241.60009765625,7241.60009765625,7163.7001953125,7163.7001953125,721546200.0,1.0815555403602506
2019-05-15,7297.0,7303.7001953125,7223.10009765625,7241.60009765625,811266000.0,0.762111484094987
2019-05-16,7353.5,7353.5,7265.7998046875,7297.0,655973100.0,0.7713085574748306
2019-05-17,7348.60009765625,7354.2001953125,7307.2998046875,7353.5,741020200.0,-0.06665581777599004
2019-05-20,7310.89990234375,7360.2998046875,7268.60009765625,7348.60009765625,732464200.0,-0.5143460339883981
2019-05-21,7328.89990234375,7370.0,7310.89990234375,7310.89990234375,749358400.0,0.24590512589709235
2019-05-22,7334.2001953125,7373.2998046875,7313.60009765625,7328.89990234375,800943900.0,0.07229430562839952
2019-05-23,7231.0,7334.2001953125,7211.2998046875,7334.2001953125,795078400.0,-1.417102696302744
2019-05-24,7277.7001953125,7303.0,7231.0,7231.0,633553800.0,0.6437565869283103
2019-05-28,7269.0,7314.89990234375,7262.7998046875,7277.7001953125,1155168300.0,-0.11961745595996179
2019-05-29,7185.2998046875,7269.0,7151.39990234375,7269.0,652877900.0,-1.158148537195848
2019-05-30,7218.2001953125,7236.7001953125,7180.60009765625,7185.2998046875,638457200.0,0.45683962710330595
2019-05-31,7161.7001953125,7218.2001953125,7130.89990234375,7218.2001953125,853980400.0,-0.7858231171695942
2019-06-03,7184.7998046875,7186.7001953125,7079.7001953125,7161.7001953125,711561100.0,0.32202459606006967
2019-06-04,7214.2998046875,7224.0,7138.10009765625,7184.7998046875,829550400.0,0.40974841586158445
2019-06-05,7220.2001953125,7259.2001953125,7201.39990234375,7216.7001953125,744999500.0,0.08175400538483826
2019-06-06,7259.89990234375,7275.7001953125,7218.7001953125,7220.2001953125,621265600.0,0.5483360782756296
2019-06-07,7331.89990234375,7347.39990234375,7258.2001953125,7259.89990234375,592558500.0,0.986863653595976
2019-06-10,7375.5,7380.10009765625,7331.89990234375,7331.89990234375,447077300.0,0.5929018816308746
2019-06-11,7398.5,7420.7001953125,7375.5,7375.5,669773500.0,0.31135804224851477
2019-06-12,7367.60009765625,7398.5,7329.2998046875,7398.5,800128100.0,-0.41852550428159396
2019-06-13,7368.60009765625,7398.60009765625,7351.0,7367.60009765625,608751100.0,0.01357201976468128
2019-06-14,7345.7998046875,7368.7998046875,7316.39990234375,7368.60009765625,610719800.0,-0.30990473778179023
2019-06-17,7357.2998046875,7370.7001953125,7324.5,7345.7998046875,531721100.0,0.1564296325345028
2019-06-18,7443.0,7469.2001953125,7345.60009765625,7357.2998046875,798973400.0,1.1581002314963955
2019-06-19,7403.5,7454.89990234375,7399.2001953125,7443.0,751391800.0,-0.5321132011137092
2019-06-20,7424.39990234375,7460.7998046875,7403.5,7403.5,698596800.0,0.28189988227499757
2019-06-21,7407.5,7456.7998046875,7382.89990234375,7424.39990234375,1451918700.0,-0.22788597238032746
2019-06-24,7416.7001953125,7435.5,7399.60009765625,7407.5,627473100.0,0.12412401846299155
2019-06-25,7422.39990234375,7429.7001953125,7373.2001953125,7416.7001953125,607355800.0,0.07682012081648568
2019-06-26,7416.39990234375,7435.89990234375,7405.5,7422.39990234375,654431900.0,-0.08086907844251763
2019-06-27,7402.2998046875,7439.39990234375,7375.5,7416.39990234375,645884500.0,-0.19030147300724448
2019-06-28,7425.60009765625,7436.2001953125,7398.89990234375,7402.2998046875,708530400.0,0.31427663121879446
2019-07-01,7497.5,7530.2001953125,7425.60009765625,7425.60009765625,634652500.0,0.9636128984958761
2019-07-02,7559.2001953125,7565.2998046875,7497.5,7497.5,556375200.0,0.8195758682972627
2019-07-03,7609.2998046875,7621.0,7558.5,7559.2001953125,682521500.0,0.6605767419906948
2019-07-04,7603.60009765625,7622.60009765625,7601.2998046875,7609.2998046875,487717900.0,-0.07493255506224249
2019-07-05,7553.10009765625,7603.60009765625,7541.89990234375,7603.60009765625,550648200.0,-0.6663744248048484
2019-07-08,7549.2998046875,7571.2998046875,7538.7001953125,7553.10009765625,538297100.0,-0.05032700860174992
2019-07-09,7536.5,7553.2998046875,7517.89990234375,7549.2998046875,542926500.0,-0.1696934590771236
2019-07-10,7530.7001953125,7559.10009765625,7515.60009765625,7536.5,542296300.0,-0.0769858354408454
2019-07-11,7509.7998046875,7558.2998046875,7501.7001953125,7530.7001953125,593132000.0,-0.2779216658749569
2019-07-12,7506.0,7537.10009765625,7493.7998046875,7509.7998046875,501138900.0,-0.05061075424596345
2019-07-15,7531.7001953125,7548.2998046875,7487.39990234375,7506.0,482521800.0,0.341810516248181
2019-07-16,7577.2001953125,7590.10009765625,7524.5,7531.7001953125,607182100.0,0.6022958173017556
2019-07-17,7535.5,7577.2001953125,7519.2001953125,7577.2001953125,576654300.0,-0.551857717073458
2019-07-18,7493.10009765625,7535.5,7482.60009765625,7535.5,504046800.0,-0.5642576762247623
2019-07-19,7508.7001953125,7546.7001953125,7475.5,7493.10009765625,575615700.0,0.20797641582578674
2019-07-22,7514.89990234375,7549.7001953125,7491.7998046875,7508.7001953125,513122700.0,0.0825329127888326
2019-07-23,7556.89990234375,7598.60009765625,7514.89990234375,7514.89990234375,634924300.0,0.5573336862419563
2019-07-24,7501.5,7558.0,7479.10009765625,7556.89990234375,637416200.0,-0.7358039718981036
2019-07-25,7489.10009765625,7542.60009765625,7462.7001953125,7501.5,633546500.0,-0.16543574094534846
2019-07-26,7549.10009765625,7553.60009765625,7486.7001953125,7489.10009765625,775744000.0,0.7979720658070982
2019-07-29,7686.60009765625,7711.2998046875,7548.89990234375,7549.10009765625,759258200.0,1.8050202019496857
2019-07-30,7646.7998046875,7727.5,7643.7001953125,7686.60009765625,822322600.0,-0.5191331682049315
2019-07-31,7586.7998046875,7648.2001953125,7576.10009765625,7646.7998046875,1092686800.0,-0.7877364746692024
2019-08-01,7584.89990234375,7610.0,7535.89990234375,7586.7998046875,817813900.0,-0.025045346142732346
2019-08-02,7407.10009765625,7585.2001953125,7397.89990234375,7584.89990234375,1031592200.0,-2.3720403056177055
2019-08-05,7223.89990234375,7407.10009765625,7200.5,7407.10009765625,1243484900.0,-2.504405311272216
2019-08-06,7171.7001953125,7241.60009765625,7167.0,7223.89990234375,791750700.0,-0.7252206988490324
2019-08-07,7198.7001953125,7237.89990234375,7153.89990234375,7171.7001953125,735519300.0,0.37577285304849184
2019-08-08,7285.89990234375,7285.89990234375,7191.2998046875,7198.7001953125,726060600.0,1.2040478840792033
2019-08-09,7253.89990234375,7297.2998046875,7237.10009765625,7285.89990234375,794807200.0,-0.44017183313163266
2019-08-12,7226.7001953125,7305.60009765625,7207.5,7253.89990234375,585461200.0,-0.3756714340111726
2019-08-13,7250.89990234375,7281.10009765625,7166.89990234375,7226.7001953125,698409600.0,0.3343058159650865
2019-08-14,7147.89990234375,7268.7001953125,7112.10009765625,7250.89990234375,811517700.0,-1.430699201514708
2019-08-15,7067.0,7148.7998046875,7020.2001953125,7147.89990234375,877816600.0,-1.1382531901122492
2019-08-16,7117.2001953125,7125.89990234375,7067.0,7067.0,651943200.0,0.707835538414939
2019-08-19,7189.7001953125,7214.2001953125,7117.2001953125,7117.2001953125,612867100.0,1.0135056317666025
2019-08-20,7125.0,7231.7001953125,7121.2001953125,7189.7001953125,766076800.0,-0.9039747255818374
2019-08-21,7204.0,7215.5,7122.10009765625,7125.0,605372900.0,1.1026701158995509
2019-08-22,7128.2001953125,7204.0,7103.7001953125,7204.0,653343400.0,-1.0577651777463806
2019-08-23,7095.0,7188.60009765625,7095.0,7128.2001953125,643009300.0,-0.4668464924239825
2019-08-27,7089.60009765625,7110.7998046875,7044.7001953125,7095.0,851399100.0,-0.07613753743398398
2019-08-28,7114.7001953125,7131.2001953125,7050.0,7089.60009765625,675638900.0,0.35341584258485215
2019-08-29,7184.2998046875,7199.2001953125,7103.10009765625,7114.7001953125,635681800.0,0.9734968743943281
2019-08-30,7207.2001953125,7240.39990234375,7179.7001953125,7184.2998046875,727868800.0,0.3182491047271195
2019-09-02,7281.89990234375,7315.2998046875,7206.89990234375,7207.2001953125,497764900.0,1.0311250302326875
2019-09-03,7268.2001953125,7301.5,7239.10009765625,7281.89990234375,626095300.0,-0.18831088429189555
2019-09-04,7311.2998046875,7334.60009765625,7268.2001953125,7268.2001953125,677444300.0,0.5912374899650231
2019-09-05,7271.2001953125,7330.7001953125,7250.60009765625,7311.2998046875,711302800.0,-0.5499703130254643
2019-09-06,7282.2998046875,7284.10009765625,7244.10009765625,7271.2001953125,692287900.0,0.15253528741709868
2019-09-09,7235.7998046875,7325.2001953125,7206.0,7282.2998046875,794831900.0,-0.6405818979037265
2019-09-10,7268.0,7270.5,7199.39990234375,7235.7998046875,1031549500.0,0.44402499552583563
2019-09-11,7338.0,7346.7001953125,7268.0,7268.0,829121400.0,0.9585175399165538
2019-09-12,7344.7001953125,7369.2998046875,7303.2001953125,7338.0,725259800.0,0.09126653392706197
2019-09-13,7367.5,7380.2998046875,7318.2001953125,7344.7001953125,1003827600.0,0.3099444357351863
2019-09-16,7321.39990234375,7378.2998046875,7321.39990234375,7367.5,908260500.0,-0.6276882451614237
2019-09-17,7320.39990234375,7350.2001953125,7292.2001953125,7321.39990234375,698421800.0,-0.013659522939724325
2019-09-18,7314.10009765625,7350.5,7300.39990234375,7320.39990234375,642716000.0,-0.08609525541205446
2019-09-19,7356.39990234375,7373.10009765625,7290.7001953125,7314.10009765625,632737400.0,0.5766663973102717
2019-09-20,7344.89990234375,7376.2998046875,7322.0,7356.39990234375,1656288000.0,-0.1564487834194179
2019-09-23,7326.10009765625,7362.2998046875,7284.7998046875,7344.89990234375,489660300.0,-0.25628539264676437
2019-09-24,7291.39990234375,7349.0,7281.89990234375,7326.10009765625,588772200.0,-0.4747769522122522
2019-09-25,7290.0,7292.0,7213.0,7291.39990234375,704553100.0,-0.0192012064332208
2019-09-26,7351.10009765625,7387.10009765625,7277.2001953125,7290.0,704707500.0,0.8346429154780239
2019-09-27,7426.2001953125,7440.7998046875,7351.0,7351.10009765625,584318800.0,1.0164338917010345
2019-09-30,7408.2001953125,7439.60009765625,7402.2001953125,7426.2001953125,655556100.0,-0.24267929083754128
2019-10-01,7360.2998046875,7433.2001953125,7352.7998046875,7408.2001953125,734563400.0,-0.6486854940276888
2019-10-02,7122.5,7360.2998046875,7119.7001953125,7360.2998046875,747799600.0,-3.2841878853778894
2019-10-03,7077.60009765625,7129.0,7004.39990234375,7122.5,635551800.0,-0.6323906404954349
2019-10-04,7155.39990234375,7157.7998046875,7077.39990234375,7077.60009765625,588776100.0,1.09324217744742
2019-10-07,7197.89990234375,7206.89990234375,7133.0,7155.39990234375,551391300.0,0.592200048557698
2019-10-08,7143.2001953125,7223.89990234375,7143.2001953125,7197.89990234375,692866200.0,-0.7628420681716254
2019-10-09,7166.5,7196.39990234375,7139.89990234375,7143.2001953125,582025200.0,0.3256507817826387
2019-10-10,7186.39990234375,7212.89990234375,7130.5,7166.5,700021400.0,0.2772946962690185
2019-10-11,7247.10009765625,7250.10009765625,7144.7001953125,7186.39990234375,1507692000.0,0.8411064976637714
2019-10-14,7213.5,7251.7998046875,7194.2001953125,7247.10009765625,780579200.0,-0.46471319167713276
2019-10-15,7211.60009765625,7242.39990234375,7176.7001953125,7213.5,1123687400.0,-0.026341617623079627
2019-10-16,7168.0,7217.60009765625,7149.7998046875,7211.60009765625,1000484300.0,-0.606417855482981
2019-10-17,7182.2998046875,7237.7998046875,7162.0,7168.0,1126096700.0,0.19929631596890754
2019-10-18,7150.60009765625,7197.10009765625,7146.10009765625,7182.2998046875,869346100.0,-0.442335590617311
2019-10-21,7163.60009765625,7197.5,7139.39990234375,7150.60009765625,853632700.0,0.18163786165885024
2019-10-22,7212.5,7230.2001953125,7146.7001953125,7163.60009765625,800741400.0,0.6802970291483851
2019-10-23,7260.7001953125,7265.89990234375,7194.10009765625,7212.5,764933300.0,0.666063798723609
2019-10-24,7328.2998046875,7338.89990234375,7255.5,7260.7001953125,733646100.0,0.9267268925215545
2019-10-25,7324.5,7331.2001953125,7279.7998046875,7328.2998046875,580305100.0,-0.05186455589819811
2019-10-28,7331.2998046875,7346.89990234375,7291.60009765625,7324.5,676041800.0,0.0927933687146221
2019-10-29,7306.2998046875,7335.7001953125,7264.7001953125,7331.2998046875,710020700.0,-0.34158639361306725
2019-10-30,7330.7998046875,7334.0,7278.2001953125,7306.2998046875,672191900.0,0.3347660880154483
2019-10-31,7248.39990234375,7335.2001953125,7245.2001953125,7330.7998046875,847657500.0,-1.1303882435792891
2019-11-01,7302.39990234375,7307.2001953125,7248.39990234375,7248.39990234375,582078600.0,0.7422306489328246
2019-11-04,7369.7001953125,7392.7001953125,7302.39990234375,7302.39990234375,582661700.0,0.9173978439360936
2019-11-05,7388.10009765625,7402.7998046875,7369.60009765625,7369.7001953125,673186900.0,0.2493584614595546
2019-11-06,7396.7001953125,7398.7998046875,7363.60009765625,7388.10009765625,618514700.0,0.1163370279720255
2019-11-07,7406.39990234375,7431.89990234375,7396.0,7396.7001953125,668773400.0,0.13104969034124433
2019-11-08,7359.39990234375,7406.7998046875,7349.10009765625,7406.39990234375,551986100.0,-0.6366083700499251
2019-11-11,7328.5,7359.39990234375,7258.5,7359.39990234375,828425100.0,-0.42075379237644955
2019-11-12,7365.39990234375,7390.0,7328.2001953125,7328.5,754644000.0,0.5022489625880387
2019-11-13,7351.2001953125,7365.39990234375,7301.7001953125,7365.39990234375,695720800.0,-0.1929754337769446
2019-11-14,7292.7998046875,7351.2998046875,7292.7998046875,7351.2001953125,675226500.0,-0.7976058485653184
2019-11-15,7302.89990234375,7335.60009765625,7243.2001953125,7292.7998046875,770473200.0,0.13839828814147664
2019-11-18,7307.7001953125,7335.39990234375,7293.39990234375,7302.89990234375,764459700.0,0.06570973278834472
2019-11-19,7323.7998046875,7404.5,7307.7001953125,7307.7001953125,605672300.0,0.2200678791992033
2019-11-20,7262.5,7323.7998046875,7219.10009765625,7323.7998046875,814232500.0,-0.840517011093669
2019-11-21,7238.60009765625,7262.5,7197.2998046875,7262.5,608185000.0,-0.32962911535304823
2019-11-22,7326.7998046875,7343.2998046875,7238.5,7238.60009765625,611242800.0,1.2111000822153364
2019-11-25,7396.2998046875,7401.7998046875,7326.7998046875,7326.7998046875,570982800.0,0.9441016915004428
2019-11-26,7403.10009765625,7421.2998046875,7385.0,7396.2998046875,1058651500.0,0.09189958366181837
2019-11-27,7429.7998046875,7446.0,7400.39990234375,7403.10009765625,626246700.0,0.3600069580975645
2019-11-28,7416.39990234375,7429.7998046875,7385.2998046875,7429.7998046875,605369500.0,-0.18051631052979103
2019-11-29,7346.5,7421.39990234375,7346.5,7416.39990234375,627336500.0,-0.9469741740088897
2019-12-02,7285.89990234375,7400.2998046875,7277.0,7346.5,928558400.0,-0.82830491971
2019-12-03,7158.7998046875,7285.89990234375,7134.89990234375,7285.89990234375,824932200.0,-1.7598618258502736
2019-12-04,7188.5,7190.0,7139.89990234375,7158.7998046875,688011100.0,0.41401850022488573
2019-12-05,7137.89990234375,7194.7998046875,7131.2001953125,7188.5,650618500.0,-0.7063925118523842
2019-12-06,7239.7001953125,7241.5,7137.89990234375,7137.89990234375,516373000.0,1.4161194291018513
2019-12-09,7233.89990234375,7255.7001953125,7217.7998046875,7239.7001953125,619399300.0,-0.08014997291792367
2019-12-10,7213.7998046875,7234.39990234375,7137.7998046875,7233.89990234375,703527300.0,-0.27824651718871973
2019-12-11,7216.2998046875,7250.7001953125,7195.5,7213.7998046875,820837400.0,0.03464979581135629
2019-12-12,7273.5,7307.39990234375,7216.10009765625,7216.2998046875,727087300.0,0.7895277121327506
2019-12-13,7353.39990234375,7429.0,7223.39990234375,7273.5,1906667700.0,1.0925171787484933
2019-12-16,7519.10009765625,7552.7001953125,7353.2001953125,7353.39990234375,1045291600.0,2.228368491725315
2019-12-17,7525.2998046875,7537.7001953125,7497.2001953125,7519.10009765625,1096514900.0,0.08241880596688837
2019-12-18,7540.7998046875,7557.10009765625,7515.2001953125,7525.2998046875,679287600.0,0.20576002907757698
2019-12-19,7573.7998046875,7575.89990234375,7526.10009765625,7540.7998046875,661933000.0,0.4366645930257508
2019-12-20,7582.5,7599.5,7564.60009765625,7573.7998046875,1159724000.0,0.11480633637790467
2019-12-23,7623.60009765625,7628.2001953125,7559.60009765625,7582.5,539145700.0,0.5405751307480585
2019-12-24,7632.2001953125,7636.2001953125,7608.2001953125,7623.60009765625,185671600.0,0.11274529558721545
2019-12-27,7644.89990234375,7665.39990234375,7622.5,7632.2001953125,311117100.0,0.16625812327498815
2019-12-30,7587.10009765625,7644.89990234375,7587.10009765625,7644.89990234375,304247900.0,-0.7589296496044621
2019-12-31,7542.39990234375,7587.39990234375,7532.39990234375,7587.10009765625,212142200.0,-0.5909028768618361
2020-01-02,7604.2998046875,7624.7998046875,7542.39990234375,7542.39990234375,482206700.0,0.8173430270932633
2020-01-03,7622.39990234375,7626.39990234375,7551.0,7604.2998046875,475628900.0,0.2377416844072245
2020-01-06,7575.2998046875,7622.39990234375,7528.10009765625,7622.39990234375,516783400.0,-0.6198339138238322
2020-01-07,7573.89990234375,7604.60009765625,7562.10009765625,7575.2998046875,511576100.0,-0.018481535326052394
2020-01-08,7574.89990234375,7579.5,7525.0,7573.89990234375,606225000.0,0.013202366053351905
2020-01-09,7598.10009765625,7627.7998046875,7574.89990234375,7574.89990234375,653838100.0,0.3058091793717582
2020-01-10,7587.89990234375,7632.0,7585.10009765625,7598.10009765625,651315600.0,-0.1343368477080557
2020-01-13,7617.60009765625,7635.7998046875,7582.5,7587.89990234375,659019400.0,0.3906511865220501
2020-01-14,7622.39990234375,7650.7001953125,7588.7998046875,7617.60009765625,697648200.0,0.06298956491078235
2020-01-15,7642.7998046875,7642.7998046875,7609.39990234375,7622.39990234375,730575200.0,0.2672734701041908
2020-01-16,7609.7998046875,7653.60009765625,7595.2998046875,7642.7998046875,573564200.0,-0.4327137974701516
2020-01-17,7674.60009765625,7689.7001953125,7609.7998046875,7609.7998046875,631970100.0,0.8479322922486111
2020-01-20,7651.39990234375,7682.7998046875,7639.60009765625,7674.60009765625,358980900.0,-0.30275627083182144
2020-01-21,7610.7001953125,7651.39990234375,7550.5,7651.39990234375,656519300.0,-0.5333447330090374
2020-01-22,7571.89990234375,7637.39990234375,7563.5,7610.7001953125,604636000.0,-0.511116372523354
2020-01-23,7507.7001953125,7572.10009765625,7503.2001953125,7571.89990234375,668616300.0,-0.8514827250121035
2020-01-24,7586.0,7642.2001953125,7507.60009765625,7507.7001953125,605760000.0,1.0375256704600397
2020-01-27,7412.10009765625,7586.0,7392.7998046875,7586.0,679457100.0,-2.3190630124171823
2020-01-28,7480.7001953125,7491.39990234375,7410.39990234375,7412.10009765625,535852000.0,0.9212583461798879
2020-01-29,7483.60009765625,7514.7001953125,7462.2001953125,7480.7001953125,525036700.0,0.03875760741600089
2020-01-30,7382.0,7483.60009765625,7357.60009765625,7483.60009765625,685501900.0,-1.366936807068753
2020-01-31,7286.0,7398.2998046875,7275.0,7382.0,714049600.0,-1.3089906021434783
2020-02-03,7326.2998046875,7360.0,7285.2001953125,7286.0,645846700.0,0.5515888313678977
2020-02-04,7439.7998046875,7442.10009765625,7326.2998046875,7326.2998046875,696703600.0,1.5373353610813179
2020-02-05,7482.5,7512.39990234375,7408.5,7439.7998046875,818911400.0,0.5723020233852616
2020-02-06,7504.7998046875,7533.60009765625,7482.5,7482.5,673947900.0,0.2975829059876257
2020-02-07,7466.7001953125,7506.2998046875,7441.10009765625,7504.7998046875,705974200.0,-0.5089629178152278
2020-02-10,7446.89990234375,7466.7001953125,7427.89990234375,7466.7001953125,612817500.0,-0.26553353279013553
2020-02-11,7499.39990234375,7529.5,7446.89990234375,7446.89990234375,700689800.0,0.702517902167955
2020-02-12,7534.39990234375,7547.7001953125,7499.0,7499.39990234375,573044200.0,0.4656183225550191
2020-02-13,7452.0,7534.39990234375,7406.89990234375,7534.39990234375,823565400.0,-1.0996734806427158
2020-02-14,7409.10009765625,7472.89990234375,7403.7001953125,7452.0,629855000.0,-0.5773465117201351
2020-02-17,7433.2998046875,7450.0,7409.10009765625,7409.10009765625,394565700.0,0.3260891585493027
2020-02-18,7382.0,7433.2998046875,7353.39990234375,7433.2998046875,786827200.0,-0.6925274599826929
2020-02-19,7457.0,7462.0,7382.0,7382.0,602975900.0,1.0108583953850951
2020-02-20,7436.60009765625,7480.5,7436.60009765625,7457.0,780481500.0,-0.2739420283537447
2020-02-21,7403.89990234375,7436.7001953125,7370.60009765625,7436.60009765625,872594700.0,-0.4406893060776168
2020-02-24,7156.7998046875,7403.89990234375,7114.5,7403.89990234375,1081479400.0,-3.3943948811376945
2020-02-25,7017.89990234375,7198.2001953125,7004.89990234375,7156.7998046875,976469000.0,-1.9598912335582648
2020-02-26,7042.5,7044.7001953125,6871.89990234375,7017.89990234375,982409600.0,0.3499206698006049
2020-02-27,6796.39990234375,7042.5,6730.0,7042.5,1224827000.0,-3.557017490774444
2020-02-28,6580.60009765625,6796.39990234375,6460.10009765625,6796.39990234375,1979835300.0,-3.2267104430200755
2020-03-02,6654.89990234375,6775.2001953125,6496.0,6580.60009765625,1770844200.0,1.122746933337773
2020-03-03,6718.2001953125,6846.2998046875,6654.89990234375,6654.89990234375,1277190200.0,0.946687982039283
2020-03-04,6815.60009765625,6856.2998046875,6700.2001953125,6718.2001953125,1115783100.0,1.439382610307311
2020-03-05,6705.39990234375,6834.10009765625,6662.60009765625,6815.60009765625,1146893100.0,-1.6300959324467033
2020-03-06,6462.60009765625,6705.39990234375,6431.39990234375,6705.39990234375,1377953500.0,-3.688142864919514
2020-03-09,5965.7998046875,6462.60009765625,5891.60009765625,6462.60009765625,2098798700.0,-7.998859922037567
2020-03-10,5960.2001953125,6231.10009765625,5927.89990234375,5965.7998046875,1729622400.0,-0.09390591625847602
2020-03-11,5876.5,6088.5,5860.7998046875,5960.2001953125,1507518600.0,-1.4142723739894896
2020-03-12,5237.5,5876.5,5237.5,5876.5,2209275500.0,-11.51170613425157
2020-03-13,5366.10009765625,5696.5,5237.5,5237.5,1935105000.0,2.4257120635654847
2020-03-16,5151.10009765625,5366.10009765625,4898.7998046875,5366.10009765625,2111567500.0,-4.089110282450078
2020-03-17,5294.89990234375,5309.0,4978.7998046875,5151.10009765625,1941164900.0,2.753377163090126
2020-03-18,5080.60009765625,5294.89990234375,5006.2001953125,5294.89990234375,1837075100.0,-4.13146906167643
2020-03-19,5151.60009765625,5181.0,4942.39990234375,5080.60009765625,1963412200.0,1.3877980919320196
2020-03-20,5190.7998046875,5419.2998046875,5151.60009765625,5151.60009765625,2585565700.0,0.7580425261403982
2020-03-23,4993.89990234375,5194.7998046875,4922.7998046875,5190.7998046875,1629604900.0,-3.8670642181115418
2020-03-24,5446.0,5446.0,4993.89990234375,4993.89990234375,1582421000.0,8.666424617841196
2020-03-25,5688.2001953125,5741.39990234375,5400.5,5446.0,1860995600.0,4.351249371166749
2020-03-26,5815.7001953125,5815.7001953125,5503.39990234375,5688.2001953125,1536739000.0,2.2167302678063487
2020-03-27,5510.2998046875,5815.7001953125,5407.10009765625,5815.7001953125,1457210400.0,-5.394215794263597
2020-03-30,5563.7001953125,5567.2001953125,5351.7998046875,5510.2998046875,1136875400.0,0.964435696911705
2020-03-31,5672.0,5702.7001953125,5545.89990234375,5563.7001953125,1602112800.0,1.9278399562046467
2020-04-01,5454.60009765625,5672.0,5414.7001953125,5672.0,1670362100.0,-3.9082481952629284
2020-04-02,5480.2001953125,5552.39990234375,5395.10009765625,5454.60009765625,1554286900.0,0.46823250067822814
2020-04-03,5415.5,5486.2998046875,5396.7001953125,5480.2001953125,1180517400.0,-1.1876419990324532
2020-04-06,5582.39990234375,5590.60009765625,5415.5,5415.5,1207951800.0,3.035356166312167
2020-04-07,5704.5,5780.2001953125,5582.39990234375,5582.39990234375,1563928500.0,2.1636563097510573
2020-04-08,5677.7001953125,5704.5,5589.7001953125,5704.5,1133735000.0,-0.4709081504879209
2020-04-09,5842.7001953125,5842.7001953125,5677.7001953125,5677.7001953125,1290301300.0,2.864679664530168
2020-04-14,5791.2998046875,5894.7001953125,5779.0,5842.7001953125,1056846100.0,-0.883629449376017
2020-04-15,5597.7001953125,5791.7001953125,5576.39990234375,5791.2998046875,1375971300.0,-3.4000923720211254
2020-04-16,5628.39990234375,5657.60009765625,5577.7998046875,5597.7001953125,1073687700.0,0.5469358600601893
2020-04-17,5787.0,5839.2998046875,5628.39990234375,5628.39990234375,1204085900.0,2.7788830010361933
2020-04-20,5812.7998046875,5823.89990234375,5707.7001953125,5787.0,822613800.0,0.44483262926819156
2020-04-21,5641.0,5812.7998046875,5641.0,5812.7998046875,888662400.0,-3.0000994126544462
2020-04-22,5770.60009765625,5777.10009765625,5641.0,5641.0,866999300.0,2.2714723414234514
2020-04-23,5826.60009765625,5843.60009765625,5735.89990234375,5770.60009765625,882116400.0,0.9657578434570382
2020-04-24,5752.2001953125,5827.2001953125,5728.7998046875,5826.60009765625,808821600.0,-1.2851232323375528
2020-04-27,5846.7998046875,5855.60009765625,5752.2001953125,5752.2001953125,792246400.0,1.6312045344706851
2020-04-28,5958.5,5977.7998046875,5835.89990234375,5846.7998046875,1196850700.0,1.8924301920748798
2020-04-29,6115.2998046875,6129.60009765625,5950.7998046875,5958.5,1288097400.0,2.5975024137977707
2020-04-30,5901.2001953125,6151.60009765625,5897.89990234375,6115.2998046875,1933348900.0,-3.5638042528345424
2020-05-01,5763.10009765625,5901.2001953125,5746.10009765625,5901.2001953125,781328900.0,-2.36802118357094
2020-05-04,5753.7998046875,5792.89990234375,5702.0,5763.10009765625,1038977200.0,-0.16150691712565324
2020-05-05,5849.39990234375,5869.5,5753.7998046875,5753.7998046875,969041200.0,1.647860303466501
2020-05-06,5853.7998046875,5897.39990234375,5839.60009765625,5849.39990234375,973242800.0,0.07519144612060487
2020-05-07,5936.0,5941.89990234375,5853.60009765625,5853.7998046875,967707400.0,1.3944516217818064
2020-05-11,5939.7001953125,5999.10009765625,5898.2998046875,5936.0,1041393600.0,0.062315406609870234
2020-05-12,5994.7998046875,6013.0,5911.39990234375,5939.7001953125,939767700.0,0.9233734277205893
2020-05-13,5904.10009765625,5994.7998046875,5893.39990234375,5994.7998046875,1055705500.0,-1.5245352843864044
2020-05-14,5741.5,5904.10009765625,5661.10009765625,5904.10009765625,1152459900.0,-2.7926541130412876
2020-05-15,5799.7998046875,5837.89990234375,5741.5,5741.5,927433300.0,1.010290028937133
2020-05-18,6048.60009765625,6058.2001953125,5799.60009765625,5799.7998046875,930325200.0,4.200345592760054
2020-05-19,6002.2001953125,6112.0,5965.10009765625,6048.60009765625,1001641500.0,-0.7700755222000253
2020-05-20,6067.2001953125,6074.5,5961.60009765625,6002.2001953125,925383600.0,1.0771144600969988
2020-05-21,6015.2998046875,6093.7001953125,6004.10009765625,6067.2001953125,1135941900.0,-0.8591054804704744
2020-05-22,5993.2998046875,6015.2998046875,5888.60009765625,6015.2998046875,986007000.0,-0.36640449891814336
2020-05-26,6067.7998046875,6130.10009765625,5993.2998046875,5993.2998046875,1252539600.0,1.235392292952492
2020-05-27,6144.2998046875,6168.0,6067.7998046875,6067.7998046875,1559401400.0,1.2528722025037546
2020-05-28,6218.7998046875,6234.0,6144.2998046875,6144.2998046875,1210102000.0,1.2052139695940802
2020-05-29,6076.60009765625,6218.7998046875,6060.2001953125,6218.7998046875,2246313300.0,-2.3131585580557763
2020-06-01,6166.39990234375,6179.2998046875,6076.60009765625,6076.60009765625,742112200.0,1.4669838294968842
2020-06-02,6220.10009765625,6238.2998046875,6165.10009765625,6166.39990234375,1192259900.0,0.867081609130242
2020-06-03,6382.39990234375,6394.7001953125,6220.10009765625,6220.10009765625,1232836600.0,2.5758187375759625
2020-06-04,6341.39990234375,6402.60009765625,6314.60009765625,6382.39990234375,1041769100.0,-0.6444638006712508
2020-06-05,6484.2998046875,6490.0,6341.39990234375,6341.39990234375,1398374600.0,2.22842915568196
2020-06-08,6472.60009765625,6511.7998046875,6423.10009765625,6484.2998046875,1305560800.0,-0.18059428257137042
2020-06-09,6335.7001953125,6475.0,6325.10009765625,6472.60009765625,1322614400.0,-2.1377561858935032
2020-06-10,6329.10009765625,6387.39990234375,6293.7998046875,6335.7001953125,1115769600.0,-0.10422743511254734
2020-06-11,6076.7001953125,6329.10009765625,6076.7001953125,6329.10009765625,1117426600.0,-4.069624377032206
2020-06-12,6105.2001953125,6184.2998046875,5993.2001953125,6076.7001953125,1059920700.0,0.46790814378513806
2020-06-15,6064.7001953125,6105.2001953125,5952.39990234375,6105.2001953125,907815700.0,-0.6655789811070221
2020-06-16,6242.7998046875,6299.0,6064.7001953125,6064.7001953125,1028926100.0,2.894365916128886
2020-06-17,6253.2998046875,6309.7001953125,6233.2001953125,6242.7998046875,863307200.0,0.1680524771627981
2020-06-18,6224.10009765625,6285.0,6184.89990234375,6253.2998046875,782893800.0,-0.46804238967616435
2020-06-19,6292.60009765625,6319.7998046875,6224.10009765625,6224.10009765625,1685754500.0,1.0945486080036604
2020-06-22,6244.60009765625,6309.0,6225.5,6292.60009765625,793214300.0,-0.7657249431430989
2020-06-23,6320.10009765625,6342.2001953125,6244.60009765625,6244.60009765625,685327800.0,1.2017940346399476
2020-06-24,6123.7001953125,6320.10009765625,6123.7001953125,6320.10009765625,768655700.0,-3.156852536987128
2020-06-25,6147.10009765625,6162.39990234375,6029.2998046875,6123.7001953125,813511600.0,0.3813920877144085
2020-06-26,6159.2998046875,6262.10009765625,6147.10009765625,6147.10009765625,698906500.0,0.1982661237148926
2020-06-29,6225.7998046875,6252.0,6123.0,6159.2998046875,720430800.0,1.0738813763788773
2020-06-30,6169.7001953125,6237.5,6147.0,6225.7998046875,827284200.0,-0.9051670752673971
2020-07-01,6158.0,6202.0,6084.5,6169.7001953125,724502100.0,-0.1898196523318833
2020-07-02,6240.39990234375,6258.60009765625,6158.0,6158.0,806189500.0,1.3292217739611605
2020-07-03,6157.2998046875,6262.7001953125,6137.10009765625,6240.39990234375,504568000.0,-1.340592919192848
2020-07-06,6285.89990234375,6304.2001953125,6157.2998046875,6157.2998046875,697122600.0,2.0670676295280526
2020-07-07,6189.89990234375,6285.89990234375,6180.0,6285.89990234375,600362300.0,-1.539009864482435
2020-07-08,6156.2001953125,6208.39990234375,6144.5,6189.89990234375,625796600.0,-0.5459179896433874
2020-07-09,6049.60009765625,6176.7998046875,6040.2998046875,6156.2001953125,670967000.0,-1.7467565506886638
2020-07-10,6095.39990234375,6108.2001953125,6003.2001953125,6049.60009765625,685330800.0,0.7542202024986623
2020-07-13,6176.2001953125,6187.2998046875,6095.39990234375,6095.39990234375,614241100.0,1.3168854919127182
2020-07-14,6179.7998046875,6179.7998046875,6093.2001953125,6176.2001953125,717546900.0,0.05826496401477723
2020-07-15,6292.7001953125,6323.60009765625,6179.7998046875,6179.7998046875,747302000.0,1.8104385548482613
2020-07-16,6250.7001953125,6296.7998046875,6227.2998046875,6292.7001953125,521796200.0,-0.6696773706593526
2020-07-17,6290.2998046875,6293.7001953125,6230.0,6250.7001953125,687096800.0,0.6315244555497935
2020-07-20,6261.5,6297.60009765625,6222.2001953125,6290.2998046875,494263500.0,-0.45889602568260823
2020-07-21,6269.7001953125,6315.7001953125,6253.89990234375,6261.5,753531600.0,0.13087647400370334
2020-07-22,6207.10009765625,6271.0,6197.5,6269.7001953125,745230100.0,-1.003472388466156
2020-07-23,6211.39990234375,6273.60009765625,6202.89990234375,6207.10009765625,605739200.0,0.06924837716834176
2020-07-24,6123.7998046875,6211.39990234375,6099.10009765625,6211.39990234375,679819200.0,-1.4203510674079918
2020-07-27,6104.89990234375,6127.60009765625,6086.60009765625,6123.7998046875,704383900.0,-0.3091075559166982
2020-07-28,6129.2998046875,6149.89990234375,6083.7001953125,6104.89990234375,612575200.0,0.3988807650591889
2020-07-29,6131.5,6155.10009765625,6116.7001953125,6129.2998046875,718093000.0,0.03588991535897059
2020-07-30,5990.0,6145.7998046875,5924.7001953125,6131.5,1229813400.0,-2.3348006092585685
2020-07-31,5897.7998046875,6046.2998046875,5897.7998046875,5990.0,1007598800.0,-1.5512045225318474
2020-08-03,6032.89990234375,6038.7998046875,5857.10009765625,5897.7998046875,948540800.0,2.264844073051964
2020-08-04,6036.0,6056.5,5986.7998046875,6032.89990234375,766666900.0,0.051373327304330925
2020-08-05,6104.7001953125,6111.5,6036.0,6036.0,715558400.0,1.1317457394304853
2020-08-06,6026.89990234375,6104.7001953125,5980.39990234375,6104.7001953125,629266500.0,-1.282623214270038
2020-08-07,6032.2001953125,6046.0,5996.7001953125,6026.89990234375,540972400.0,0.08790528757763483
2020-08-10,6050.60009765625,6099.5,6028.5,6032.2001953125,558064500.0,0.304563778604208
2020-08-11,6154.2998046875,6206.0,6050.60009765625,6050.60009765625,758790700.0,1.6993535937980613
2020-08-12,6280.10009765625,6297.2001953125,6151.60009765625,6154.2998046875,680848000.0,2.023492671331205
2020-08-13,6185.60009765625,6280.10009765625,6185.60009765625,6280.10009765625,515765800.0,-1.5161893650767422
2020-08-14,6090.0,6185.60009765625,6036.10009765625,6185.60009765625,513442300.0,-1.5575944097745136
2020-08-17,6127.39990234375,6140.2001953125,6061.5,6090.0,500314600.0,0.6122418758080561
2020-08-18,6076.60009765625,6162.7001953125,6062.60009765625,6127.39990234375,502242600.0,-0.8325155373778675
2020-08-19,6112.0,6114.7998046875,6045.0,6076.60009765625,425040900.0,0.5808706758111675
2020-08-20,6013.2998046875,6112.0,6009.60009765625,6112.0,505170900.0,-1.6280401630552184
2020-08-21,6001.89990234375,6036.5,5948.7998046875,6013.2998046875,545211700.0,-0.18975807381414264
2020-08-24,6104.7001953125,6119.7998046875,6001.89990234375,6001.89990234375,452722200.0,1.6982928804381556
2020-08-25,6037.0,6173.5,6032.10009765625,6104.7001953125,538992400.0,-1.1151798485618192
2020-08-26,6045.60009765625,6050.7998046875,5992.2001953125,6037.0,405657200.0,0.14235510633605944
2020-08-27,6000.0,6062.5,6000.0,6045.60009765625,496427000.0,-0.757128164959472
2020-08-28,5963.60009765625,6033.0,5962.5,6000.0,928308900.0,-0.6085127280562498
2020-09-01,5862.10009765625,5972.5,5824.0,5963.60009765625,1041226100.0,-1.7166424121152566
2020-09-02,5941.0,5974.7001953125,5862.10009765625,5862.10009765625,670603500.0,1.3369551547264336
2020-09-03,5850.89990234375,5996.2001953125,5838.0,5941.0,698951400.0,-1.5281990499907354
2020-09-04,5799.10009765625,5904.2001953125,5778.39990234375,5850.89990234375,672211400.0,-0.8892728935703553
2020-09-07,5937.39990234375,5946.89990234375,5798.5,5799.10009765625,542562600.0,2.3568560728027657
2020-09-08,5930.2998046875,5985.2998046875,5868.89990234375,5937.39990234375,741088100.0,-0.11965416514796838
2020-09-09,6012.7998046875,6031.2998046875,5923.39990234375,5930.2998046875,670411100.0,1.3815728739680522
2020-09-10,6003.2998046875,6028.7998046875,5950.60009765625,6012.7998046875,602947200.0,-0.15812122549215055
2020-09-11,6032.10009765625,6057.7001953125,5992.89990234375,6003.2998046875,532206600.0,0.4785939507701816
2020-09-14,6026.2998046875,6080.0,6011.7998046875,6032.10009765625,599027600.0,-0.09620336799369608
2020-09-15,6105.5,6123.7001953125,6026.2001953125,6026.2998046875,696475100.0,1.3056812963874143
2020-09-16,6078.5,6119.2001953125,6057.60009765625,6105.5,712218600.0,-0.44320492772278824
2020-09-17,6049.89990234375,6078.5,5998.7001953125,6078.5,614989900.0,-0.4716228174981363
2020-09-18,6007.10009765625,6055.2001953125,6006.2998046875,6049.89990234375,1606438900.0,-0.7099607607584413
2020-09-21,5804.2998046875,6007.10009765625,5779.2001953125,6007.10009765625,989724600.0,-3.4343130703934697
2020-09-22,5829.5,5871.2998046875,5794.5,5804.2998046875,793986600.0,0.43322448639979844
2020-09-23,5899.2998046875,5974.89990234375,5829.5,5829.5,745841800.0,1.1902433306161921
2020-09-24,5822.7998046875,5899.2998046875,5805.2998046875,5899.2998046875,707125700.0,-1.3052454531714082
2020-09-25,5842.7001953125,5843.7001953125,5771.5,5822.7998046875,742745800.0,0.34118400290526074
2020-09-28,5927.89990234375,5954.39990234375,5842.7001953125,5842.7001953125,915339300.0,1.4476950086970606
2020-09-29,5897.5,5927.89990234375,5862.89990234375,5927.89990234375,677894800.0,-0.5141469981986995
2020-09-30,5866.10009765625,5931.39990234375,5854.5,5897.5,831982500.0,-0.5338497850430305
2020-10-01,5879.5,5925.7998046875,5849.7998046875,5866.10009765625,729252500.0,0.22816898320706197
2020-10-02,5902.10009765625,5902.10009765625,5809.60009765625,5879.5,708115400.0,0.3836512050907527
2020-10-05,5942.89990234375,5974.2001953125,5902.10009765625,5902.10009765625,637260500.0,0.6888976959698206
2020-10-06,5949.89990234375,5971.5,5903.39990234375,5942.89990234375,911383000.0,0.11771829885845891
2020-10-07,5946.2998046875,5977.2001953125,5929.2001953125,5949.89990234375,762006800.0,-0.06052517366574173
2020-10-08,5978.0,6004.2001953125,5929.39990234375,5946.2998046875,741665900.0,0.5316919317879804
2020-10-09,6016.7001953125,6040.5,5978.0,5978.0,676779000.0,0.6452904861623486
2020-10-12,6001.39990234375,6037.10009765625,5995.10009765625,6016.7001953125,600961600.0,-0.2546209652214552
2020-10-13,5969.7001953125,6008.0,5950.0,6001.39990234375,786877800.0,-0.5296051468257151
2020-10-14,5935.10009765625,6009.7998046875,5926.5,5969.7001953125,613220800.0,-0.5812814029530396
2020-10-15,5832.5,5935.10009765625,5786.2001953125,5935.10009765625,667215200.0,-1.7438168659919415
2020-10-16,5919.60009765625,5933.7998046875,5832.5,5832.5,669807200.0,1.482317062921064
2020-10-19,5884.7001953125,5959.7001953125,5872.0,5919.60009765625,522720700.0,-0.5913100000234112
2020-10-20,5889.2001953125,5915.5,5861.7998046875,5884.7001953125,576524900.0,0.07644026312129365
2020-10-21,5776.5,5903.39990234375,5769.60009765625,5889.2001953125,632347400.0,-1.9322235232701153
2020-10-22,5785.7001953125,5796.39990234375,5716.39990234375,5776.5,664916300.0,0.15914267351919772
2020-10-23,5860.2998046875,5885.39990234375,5781.7998046875,5785.7001953125,852798000.0,1.2811373813573936
2020-10-26,5792.0,5868.39990234375,5782.39990234375,5860.2998046875,870052100.0,-1.1723108406286935
2020-10-27,5729.0,5806.2001953125,5728.2001953125,5792.0,756732600.0,-1.093665965697448
2020-10-28,5582.7998046875,5729.0,5525.5,5729.0,1107558600.0,-2.5850587758774237
2020-10-29,5581.7998046875,5616.60009765625,5534.7001953125,5582.7998046875,964959700.0,-0.01791376381888965
2020-10-30,5577.2998046875,5593.39990234375,5534.10009765625,5581.7998046875,823613300.0,-0.08065167265189205
2020-11-02,5655.0,5665.2998046875,5554.7001953125,5577.2998046875,755064600.0,1.3835356265125236
2020-11-03,5786.7998046875,5787.60009765625,5655.0,5655.0,803790300.0,2.3039318453831195
2020-11-04,5883.2998046875,5885.7001953125,5711.2001953125,5786.7998046875,781517600.0,1.6538367753070378
2020-11-05,5906.2001953125,5933.10009765625,5881.89990234375,5883.2998046875,900001200.0,0.3884883909693794
2020-11-06,5910.0,5950.2001953125,5858.5,5906.2001953125,848478100.0,0.06431517333275688
2020-11-09,6186.2998046875,6258.2998046875,5910.0,5910.0,2067706200.0,4.569130670240628
2020-11-10,6296.89990234375,6307.0,6180.5,6186.2998046875,1717346100.0,1.7720295173418337
2020-11-11,6382.10009765625,6397.2998046875,6293.2001953125,6296.89990234375,1283397300.0,1.343977881030462
2020-11-12,6338.89990234375,6382.10009765625,6295.7998046875,6382.10009765625,1014492200.0,-0.6791975691295494
2020-11-13,6316.39990234375,6339.0,6280.39990234375,6338.89990234375,1010712500.0,-0.3555826263234664
2020-11-16,6421.2998046875,6463.5,6316.39990234375,6316.39990234375,1293581100.0,1.6471148848972086
2020-11-17,6365.2998046875,6424.5,6309.0,6421.2998046875,1225248200.0,-0.87592260265983
2020-11-18,6385.2001953125,6395.89990234375,6326.7001953125,6365.2998046875,979740000.0,0.3121510024520434
2020-11-19,6334.39990234375,6385.2001953125,6314.2998046875,6385.2001953125,929024200.0,-0.7987761043582379
2020-11-20,6351.5,6386.7001953125,6324.60009765625,6334.39990234375,821112500.0,0.2695923528460839
2020-11-23,6333.7998046875,6392.10009765625,6325.2001953125,6351.5,943708400.0,-0.2790664323613448
2020-11-24,6432.2001953125,6432.39990234375,6333.7001953125,6333.7998046875,1301560700.0,1.5416315127643565
2020-11-25,6391.10009765625,6468.7001953125,6375.2998046875,6432.2001953125,1129314000.0,-0.6410243456040228
2020-11-26,6362.89990234375,6412.7001953125,6349.5,6391.10009765625,736272500.0,-0.4422179907266717
2020-11-27,6367.60009765625,6375.89990234375,6302.2001953125,6362.89990234375,1448127900.0,0.07384149131719935
2020-11-30,6266.2001953125,6404.0,6266.2001953125,6367.60009765625,1355075300.0,-1.6052506356262504
2020-12-01,6384.7001953125,6400.2001953125,6263.60009765625,6266.2001953125,839858300.0,1.8734392370986805
2020-12-02,6463.39990234375,6468.60009765625,6367.5,6384.7001953125,936842800.0,1.225094616929565
2020-12-03,6490.2998046875,6491.5,6430.2998046875,6463.39990234375,943214500.0,0.41532444968585175
2020-12-04,6550.2001953125,6559.2001953125,6489.7998046875,6490.2998046875,1073110600.0,0.9186888833781227
2020-12-07,6555.39990234375,6601.10009765625,6519.7998046875,6550.2001953125,1058250500.0,0.0793509227405038
2020-12-08,6558.7998046875,6567.60009765625,6518.39990234375,6555.39990234375,758186800.0,0.05185070375431837
2020-12-09,6564.2998046875,6623.0,6558.7998046875,6558.7998046875,769345300.0,0.0838216653952586
2020-12-10,6599.7998046875,6640.7001953125,6561.10009765625,6564.2998046875,1109877200.0,0.5393469680396248
2020-12-11,6546.7998046875,6607.39990234375,6520.5,6599.7998046875,1069085700.0,-0.8062965132916514
2020-12-14,6531.7998046875,6583.7001953125,6524.7001953125,6546.7998046875,870265400.0,-0.22938245722097592
2020-12-15,6513.2998046875,6558.2001953125,6484.0,6531.7998046875,737394700.0,-0.2836316004659915
2020-12-16,6570.89990234375,6598.39990234375,6513.2998046875,6513.2998046875,860333700.0,0.8804584314748706
2020-12-17,6551.10009765625,6601.60009765625,6551.10009765625,6570.89990234375,725533900.0,-0.301780516905104
2020-12-18,6529.2001953125,6604.5,6518.2998046875,6551.10009765625,1200513100.0,-0.3348535173704337
2020-12-21,6416.2998046875,6529.2001953125,6315.2998046875,6529.2001953125,1118314800.0,-1.7442857075663973
2020-12-23,6495.7998046875,6497.2998046875,6431.2001953125,6453.2001953125,807695400.0,1.231418700479175
2020-12-24,6502.10009765625,6530.2998046875,6479.60009765625,6495.7998046875,477470700.0,0.09694325251776112
2020-12-29,6602.7001953125,6676.60009765625,6502.10009765625,6502.10009765625,824116800.0,1.5353469201557115
2020-12-30,6555.7998046875,6623.0,6552.5,6602.7001953125,425493000.0,-0.712856164971412
2020-12-31,6460.5,6555.7998046875,6439.39990234375,6555.7998046875,316943900.0,-1.4643410037448357
2021-01-04,6571.89990234375,6662.7001953125,6460.5,6460.5,965097800.0,1.7096254951282446
2021-01-05,6612.2998046875,6622.7998046875,6544.2998046875,6571.89990234375,718950800.0,0.6128552311137965
2021-01-06,6841.89990234375,6859.10009765625,6611.89990234375,6612.2998046875,1249709500.0,3.413393512330993
2021-01-07,6857.0,6903.60009765625,6795.10009765625,6841.89990234375,939652600.0,0.22045717363592038
2021-01-08,6873.2998046875,6886.2998046875,6836.10009765625,6857.0,850778500.0,0.2374283530075448
2021-01-11,6798.5,6873.2998046875,6768.7001953125,6873.2998046875,707799500.0,-1.094231221869928
2021-01-12,6754.10009765625,6816.7001953125,6738.2001953125,6798.5,648158800.0,-0.6552257260161277
2021-01-13,6745.5,6772.60009765625,6736.0,6754.10009765625,619448200.0,-0.12741264567076915
2021-01-14,6802.0,6802.0,6736.7998046875,6745.5,685978100.0,0.8341070688268879
2021-01-15,6735.7001953125,6802.10009765625,6676.60009765625,6802.0,740665600.0,-0.9794918457259055
2021-01-18,6720.7001953125,6741.5,6709.2998046875,6735.7001953125,359826900.0,-0.22294232896577976
2021-01-19,6713.0,6770.7001953125,6697.7001953125,6720.7001953125,618144700.0,-0.11463998814723635
2021-01-20,6740.39990234375,6751.7998046875,6697.5,6713.0,687499600.0,0.4073310899437706
2021-01-21,6715.39990234375,6776.89990234375,6715.39990234375,6740.39990234375,621554400.0,-0.3715874066046673
2021-01-22,6695.10009765625,6715.7001953125,6651.7001953125,6715.39990234375,693954900.0,-0.3027451652400399
2021-01-25,6638.89990234375,6714.60009765625,6610.2998046875,6695.10009765625,761260500.0,-0.8429657733141188
2021-01-26,6654.0,6702.39990234375,6636.2998046875,6638.89990234375,683485900.0,0.22719051918209873
2021-01-27,6567.39990234375,6661.2998046875,6505.7998046875,6654.0,982451100.0,-1.3100176498600755
2021-01-28,6526.2001953125,6567.39990234375,6439.60009765625,6567.39990234375,869048100.0,-0.629312682451587
2021-01-29,6407.5,6526.2001953125,6397.2001953125,6526.2001953125,870670500.0,-1.835569501707922
2021-02-01,6466.39990234375,6495.60009765625,6407.5,6407.5,746038100.0,0.9150345079303621
2021-02-02,6516.7001953125,6523.5,6466.39990234375,6466.39990234375,719054200.0,0.7748618475378211
2021-02-03,6507.7998046875,6573.10009765625,6489.5,6516.7001953125,717525200.0,-0.13667153457603623
2021-02-04,6503.7001953125,6553.39990234375,6478.2001953125,6507.7998046875,989919900.0,-0.0630151713585635
2021-02-05,6489.2998046875,6518.7001953125,6457.60009765625,6503.7001953125,984403300.0,-0.22166391936190832
2021-02-08,6523.5,6567.7001953125,6489.2998046875,6489.2998046875,818871300.0,0.5256405165859979
2021-02-09,6531.60009765625,6541.0,6501.0,6523.5,544655300.0,0.12409094737035943
2021-02-10,6524.39990234375,6577.0,6481.0,6531.60009765625,782043000.0,-0.11029712074827254
2021-02-11,6528.7001953125,6554.2001953125,6514.89990234375,6524.39990234375,673184700.0,0.06588922312943654
2021-02-12,6589.7998046875,6589.7998046875,6485.10009765625,6528.7001953125,495851300.0,0.9315097180428545
2021-02-15,6756.10009765625,6775.39990234375,6589.7998046875,6589.7998046875,825488200.0,2.4922845546716066
2021-02-16,6748.89990234375,6799.89990234375,6736.89990234375,6756.10009765625,817289800.0,-0.10663007767074664
2021-02-17,6710.89990234375,6760.2998046875,6701.60009765625,6748.89990234375,755390100.0,-0.5646458567377033
2021-02-18,6617.2001953125,6721.7998046875,6591.39990234375,6710.89990234375,847018200.0,-1.4060706337634983
2021-02-19,6624.0,6646.2001953125,6600.60009765625,6617.2001953125,976444700.0,0.10270678163522412
2021-02-22,6612.2001953125,6624.7001953125,6545.89990234375,6624.0,846468100.0,-0.17829600095639253
2021-02-23,6625.89990234375,6675.39990234375,6555.89990234375,6612.2001953125,1154639900.0,0.20697398902835815
2021-02-24,6659.0,6669.89990234375,6572.2998046875,6625.89990234375,1141083000.0,0.49831261648070707
2021-02-25,6652.0,6702.89990234375,6644.7001953125,6659.0,852469800.0,-0.1051761797804124
2021-02-26,6483.39990234375,6652.0,6465.60009765625,6652.0,1279039900.0,-2.5672512273359307
2021-03-01,6588.5,6612.7001953125,6483.39990234375,6483.39990234375,708419900.0,1.6080655945847886
2021-03-02,6613.7998046875,6660.7998046875,6560.89990234375,6588.5,682614300.0,0.38326406809611324
2021-03-03,6675.5,6705.2998046875,6613.7998046875,6613.7998046875,937329300.0,0.9285762163881544
2021-03-04,6650.89990234375,6675.5,6581.2001953125,6675.5,938807000.0,-0.3691938674956223
2021-03-05,6630.5,6710.7998046875,6560.7998046875,6650.89990234375,1027477500.0,-0.3071953037539851
2021-03-08,6719.10009765625,6726.39990234375,6612.7001953125,6630.5,972755300.0,1.3274015393007612
2021-03-09,6730.2998046875,6786.7998046875,6689.89990234375,6719.10009765625,952946800.0,0.16654586377592362
2021-03-10,6725.60009765625,6740.7998046875,6677.0,6730.2998046875,725796800.0,-0.06985348072533416
2021-03-11,6737.0,6755.2998046875,6699.2998046875,6725.60009765625,714706900.0,0.16935666194927745
2021-03-12,6761.5,6766.39990234375,6709.0,6737.0,706134500.0,0.36300369527546683
2021-03-15,6749.7001953125,6804.89990234375,6723.7001953125,6761.5,670767900.0,-0.17466705424961512
2021-03-16,6803.60009765625,6812.7998046875,6749.60009765625,6749.7001953125,8494800.0,0.7953809822632554
2021-03-17,6762.7001953125,6805.7001953125,6753.7998046875,6803.60009765625,8378200.0,-0.6029650733927635
2021-03-18,6779.7001953125,6791.7998046875,6740.5,6762.7001953125,825204500.0,0.2510634516672779
2021-03-19,6708.7001953125,6779.7001953125,6664.60009765625,6779.7001953125,1819149000.0,-1.052766135294842
2021-03-22,6726.10009765625,6732.7001953125,6651.0,6708.7001953125,811558900.0,0.2590274763013754
2021-03-23,6699.2001953125,6726.10009765625,6664.7998046875,6726.10009765625,861618700.0,-0.40073499668823426
2021-03-24,6712.89990234375,6722.60009765625,6649.39990234375,6699.2001953125,942724200.0,0.204288839123195
2021-03-25,6674.7998046875,6729.89990234375,6618.60009765625,6712.89990234375,768539700.0,-0.5691821799139987
2021-03-26,6740.60009765625,6742.10009765625,6674.7998046875,6674.7998046875,748208300.0,0.9809744191949392
2021-03-29,6736.2001953125,6758.7998046875,6705.39990234375,6740.60009765625,624496600.0,-0.0652959516269305
2021-03-30,6772.10009765625,6792.2001953125,6729.5,6736.2001953125,664395600.0,0.5315248563483099
2021-03-31,6713.60009765625,6775.7001953125,6713.60009765625,6772.10009765625,854819600.0,-0.8675910942777529
2021-04-01,6737.2998046875,6766.5,6713.60009765625,6713.60009765625,592371100.0,0.3523887877857045
2021-04-06,6823.60009765625,6843.7001953125,6737.2998046875,6737.2998046875,773873100.0,1.272798393209452
2021-04-07,6885.2998046875,6898.39990234375,6823.60009765625,6823.60009765625,708769700.0,0.9001469713728697
2021-04-08,6942.2001953125,6942.2001953125,6884.7998046875,6885.2998046875,792318200.0,0.8230079450352822
2021-04-09,6915.7998046875,6949.60009765625,6906.39990234375,6942.2001953125,615052100.0,-0.3810134588416922
2021-04-12,6889.10009765625,6916.10009765625,6853.7998046875,6915.7998046875,639363600.0,-0.3868154135353761
2021-04-13,6890.5,6895.10009765625,6859.7001953125,6889.10009765625,572405700.0,0.020318475698067554
2021-04-14,6939.60009765625,6942.2998046875,6880.7001953125,6890.5,596867000.0,0.710049870929015
2021-04-15,6983.5,6994.89990234375,6939.2998046875,6939.60009765625,651402900.0,0.6306073721336296
2021-04-16,7019.5,7037.7001953125,6983.5,6983.5,742505700.0,0.5141766666179917
2021-04-19,7000.10009765625,7040.2998046875,6979.2001953125,7019.5,529712700.0,-0.2767541811616242
2021-04-20,6859.89990234375,7001.2998046875,6857.10009765625,7000.10009765625,825253600.0,-2.023159848199583
2021-04-21,6895.2998046875,6914.89990234375,6859.60009765625,6859.89990234375,662064600.0,0.5147141626733585
2021-04-22,6938.2001953125,6941.10009765625,6889.2998046875,6895.2998046875,647196400.0,0.6202411270622252
2021-04-23,6938.60009765625,6938.60009765625,6891.7998046875,6938.2001953125,582223700.0,0.005763610276392037
2021-04-26,6963.10009765625,6971.5,6913.39990234375,6938.60009765625,511633400.0,0.3524752371465561
2021-04-27,6945.0,6975.10009765625,6929.7998046875,6963.10009765625,658634400.0,-0.2602815301535058
2021-04-28,6963.7001953125,6986.7001953125,6944.10009765625,6945.0,990231900.0,0.26889941285445573
2021-04-29,6961.5,7019.7998046875,6953.89990234375,6963.7001953125,657930300.0,-0.03160019676484858
2021-04-30,6969.7998046875,7009.5,6946.0,6961.5,831625600.0,0.1191533566261887
2021-05-04,6923.2001953125,7034.2998046875,6912.2998046875,6969.7998046875,911981600.0,-0.6708383233678183
2021-05-05,7039.2998046875,7047.7998046875,6923.2001953125,6923.2001953125,734979800.0,1.6630586962299267
2021-05-06,7076.2001953125,7076.2001953125,7026.7998046875,7039.2998046875,764405400.0,0.522836239358915
2021-05-07,7129.7001953125,7143.5,7076.2001953125,7076.2001953125,624763100.0,0.7532117143204818
2021-05-10,7123.7001953125,7164.2001953125,7104.39990234375,7129.7001953125,744129400.0,-0.0841904414380702
2021-05-11,6948.0,7123.7001953125,6912.39990234375,7123.7001953125,933225500.0,-2.4973432405641085
2021-05-12,7004.60009765625,7028.10009765625,6945.2998046875,6948.0,743459700.0,0.8113241651507471
2021-05-13,6963.2998046875,7004.60009765625,6823.60009765625,7004.60009765625,660813600.0,-0.5913618169717113
2021-05-14,7043.60009765625,7048.7001953125,6963.2998046875,6963.2998046875,845954300.0,1.146594510837348
2021-05-17,7032.89990234375,7066.7998046875,6989.10009765625,7043.60009765625,582188300.0,-0.15202923132080182
2021-05-18,7034.2001953125,7102.60009765625,7030.39990234375,7032.89990234375,736327300.0,0.018487008174064137
2021-05-19,6950.2001953125,7034.2001953125,6897.10009765625,7034.2001953125,729532000.0,-1.2013530494777336
2021-05-20,7019.7998046875,7019.7998046875,6926.89990234375,6950.2001953125,626003200.0,0.9964235537516961
2021-05-21,7018.10009765625,7028.2001953125,6973.2998046875,7019.7998046875,803607300.0,-0.024215973206538417
2021-05-24,7051.60009765625,7054.60009765625,7013.5,7018.10009765625,422927700.0,0.4762015230029319
2021-05-25,7029.7998046875,7067.60009765625,7029.7998046875,7051.60009765625,619367600.0,-0.30963271460212166
2021-05-26,7026.89990234375,7050.89990234375,6998.2001953125,7029.7998046875,619965100.0,-0.041260074488742984
2021-05-27,7019.7001953125,7044.0,7008.5,7026.89990234375,1422973500.0,-0.1025117482051015
2021-05-28,7022.60009765625,7054.89990234375,7019.60009765625,7019.7001953125,786614400.0,0.04130238386122301
2021-06-01,7080.5,7118.0,7022.60009765625,7022.60009765625,726701500.0,0.8210992937065228
2021-06-02,7108.0,7122.5,7074.10009765625,7080.5,570341500.0,0.387638361142841
2021-06-03,7064.39990234375,7108.0,7013.89990234375,7108.0,617182900.0,-0.6152837276040743
2021-06-04,7069.0,7071.7998046875,7039.7001953125,7064.39990234375,425216000.0,0.06509541724529323
2021-06-07,7077.2001953125,7098.2998046875,7042.2001953125,7069.0,963131300.0,0.11593496653187854
2021-06-08,7095.10009765625,7120.7001953125,7074.89990234375,7077.2001953125,550005100.0,0.2526041855143888
2021-06-09,7081.0,7095.7001953125,7046.0,7095.10009765625,575133700.0,-0.1989278039642921
2021-06-10,7088.2001953125,7117.7001953125,7080.0,7081.0,574917100.0,0.10163164939455678
2021-06-11,7134.10009765625,7140.7001953125,7088.2001953125,7088.2001953125,509040600.0,0.6454660745085137
2021-06-14,7146.7001953125,7188.2998046875,7131.7998046875,7134.10009765625,551244200.0,0.17646211230978032
2021-06-15,7172.5,7189.60009765625,7142.7001953125,7146.7001953125,779379400.0,0.36035298416174094
2021-06-16,7185.0,7217.5,7169.2001953125,7172.5,723106300.0,0.17412506576055378
2021-06-17,7153.39990234375,7185.0,7133.0,7185.0,724679900.0,-0.44077650272064267
2021-06-18,7017.5,7154.60009765625,7008.7001953125,7153.39990234375,1553511000.0,-1.9180725249881359
2021-06-21,7062.2998046875,7065.10009765625,6948.60009765625,7017.5,820495800.0,0.636372057795844
2021-06-22,7090.0,7098.7001953125,7061.10009765625,7062.2998046875,522524500.0,0.3914590712177001
2021-06-23,7074.10009765625,7129.39990234375,7074.10009765625,7090.0,567367400.0,-0.22450997822257013
2021-06-24,7110.0,7119.39990234375,7070.89990234375,7074.10009765625,726332500.0,0.5062003053339038
2021-06-25,7136.10009765625,7139.10009765625,7109.7998046875,7110.0,609038400.0,0.3664178502106696
2021-06-28,7073.0,7136.2001953125,7072.0,7136.10009765625,682531900.0,-0.8881704263403354
2021-06-29,7087.60009765625,7120.7998046875,7071.89990234375,7073.0,531015400.0,0.2062074026389405
2021-06-30,7037.5,7100.7001953125,7010.60009765625,7087.60009765625,659209600.0,-0.7093798614433627
2021-07-01,7125.2001953125,7134.2001953125,7037.5,7037.5,631273700.0,1.2384829881895032
2021-07-02,7123.2998046875,7162.2001953125,7110.2998046875,7125.2001953125,520006400.0,-0.026674957171189607
2021-07-05,7164.89990234375,7168.0,7111.5,7123.2998046875,384449600.0,0.5823017042809645
2021-07-06,7100.89990234375,7170.60009765625,7075.7001953125,7164.89990234375,635763200.0,-0.8972567994250915
2021-07-07,7151.0,7153.7001953125,7100.89990234375,7100.89990234375,600040700.0,0.7030684241708535
2021-07-08,7030.7001953125,7151.0,6981.60009765625,7151.0,741526200.0,-1.696590516335476
2021-07-09,7121.89990234375,7121.89990234375,7030.2001953125,7030.7001953125,577541200.0,1.28882281422804
2021-07-12,7125.39990234375,7134.89990234375,7066.2001953125,7121.89990234375,484702100.0,0.04913211792252733
2021-07-13,7124.7001953125,7152.39990234375,7116.2998046875,7125.39990234375,613836900.0,-0.009820380587041587
2021-07-14,7091.2001953125,7124.7001953125,7073.60009765625,7124.7001953125,565377200.0,-0.4713041184880997
2021-07-15,7012.0,7111.7998046875,7005.0,7091.2001953125,612974400.0,-1.123163917467032
2021-07-16,7008.10009765625,7056.7001953125,6978.10009765625,7012.0,617556700.0,-0.05563301855437793
2021-07-19,6844.39990234375,7008.10009765625,6813.0,7008.10009765625,817237100.0,-2.363585146581724
2021-07-20,6881.10009765625,6929.89990234375,6827.2998046875,6844.39990234375,941993900.0,0.5347751670468917
2021-07-21,6998.2998046875,7007.7998046875,6881.10009765625,6881.10009765625,784895600.0,1.6888697431225046
2021-07-22,6968.2998046875,7019.0,6956.2001953125,6998.2998046875,497512000.0,-0.42959699536661716
2021-07-23,7027.60009765625,7033.2998046875,6968.2998046875,6968.2998046875,461681400.0,0.8474002849209641
2021-07-26,7025.39990234375,7038.7001953125,6980.7001953125,7027.60009765625,524700700.0,-0.03131282047217677
2021-07-27,6996.10009765625,7028.39990234375,6929.60009765625,7025.39990234375,516983900.0,-0.41792743050555714
2021-07-28,7016.60009765625,7023.39990234375,6974.7998046875,6996.10009765625,595315800.0,0.29259192502959686
2021-07-29,7078.39990234375,7093.89990234375,7008.7001953125,7016.60009765625,789496800.0,0.8769095524012375
2021-07-30,7032.2998046875,7078.39990234375,6996.89990234375,7078.39990234375,674951500.0,-0.6534085854111679
2021-08-02,7081.7001953125,7111.7001953125,7032.2998046875,7032.2998046875,526271100.0,0.7000225642071849
2021-08-03,7105.7001953125,7119.2001953125,7074.2998046875,7081.7001953125,613947100.0,0.33832868929412074
2021-08-04,7123.89990234375,7142.5,7105.7001953125,7105.7001953125,618704700.0,0.25580082125080345
2021-08-05,7120.39990234375,7130.39990234375,7099.0,7123.89990234375,814802900.0,-0.0491424656659525
2021-08-06,7123.0,7135.39990234375,7103.7001953125,7120.39990234375,677358200.0,0.036509509007103216
2021-08-09,7132.2998046875,7138.7998046875,7089.7001953125,7123.0,525136800.0,0.1304750672974959
2021-08-10,7161.0,7166.7001953125,7115.89990234375,7132.2998046875,559144000.0,0.4015900355610987
2021-08-11,7220.10009765625,7220.10009765625,7157.7001953125,7161.0,536436100.0,0.8219180725137488
2021-08-12,7193.2001953125,7220.7001953125,7182.89990234375,7220.10009765625,574940100.0,-0.373265428865573
2021-08-13,7218.7001953125,7224.5,7193.10009765625,7193.2001953125,501180000.0,0.35387458863325927
2021-08-16,7154.0,7218.7001953125,7117.7998046875,7218.7001953125,522255500.0,-0.9003267510791033
2021-08-17,7181.10009765625,7188.60009765625,7118.7001953125,7154.0,573595700.0,0.37809474305571117
2021-08-18,7169.2998046875,7198.7998046875,7143.60009765625,7181.10009765625,792002500.0,-0.1644594674536151
2021-08-19,7058.89990234375,7169.2998046875,6993.10009765625,7169.2998046875,602767800.0,-1.5518775426849438
2021-08-20,7087.89990234375,7095.60009765625,7032.5,7058.89990234375,549551400.0,0.4099872907232095
2021-08-23,7109.0,7147.7998046875,7087.89990234375,7087.89990234375,493195600.0,0.2972495874116614
2021-08-24,7125.7998046875,7129.7001953125,7076.10009765625,7109.0,582751900.0,0.23603861969128623
2021-08-25,7150.10009765625,7151.7998046875,7121.2998046875,7125.7998046875,510382500.0,0.3404383135865657
2021-08-26,7125.0,7150.10009765625,7095.39990234375,7150.10009765625,391705500.0,-0.35166301254103804
2021-08-27,7148.0,7157.60009765625,7108.5,7125.0,425583800.0,0.3222871142467368
2021-08-31,7119.7001953125,7160.5,7092.0,7148.0,1002276600.0,-0.39669801597684123
2021-09-01,7149.7998046875,7187.2998046875,7119.7001953125,7119.7001953125,522902700.0,0.4218739832108557
2021-09-02,7163.89990234375,7168.7998046875,7129.7001953125,7149.7998046875,538705600.0,0.19701548175037872
2021-09-03,7138.39990234375,7182.2001953125,7123.89990234375,7163.89990234375,499092300.0,-0.3565863863632598
2021-09-06,7187.2001953125,7195.60009765625,7138.39990234375,7138.39990234375,306418900.0,0.6813045373586215
2021-09-07,7149.39990234375,7187.2001953125,7147.89990234375,7187.2001953125,466824500.0,-0.5273269855493683
2021-09-08,7095.5,7149.39990234375,7061.10009765625,7149.39990234375,567994400.0,-0.7567643149030344
2021-09-09,7024.2001953125,7095.5,6998.60009765625,7095.5,695389400.0,-1.0099422755253291
2021-09-10,7029.2001953125,7055.2001953125,7014.39990234375,7024.2001953125,492655900.0,0.07115715872306677
2021-09-13,7068.39990234375,7090.7998046875,7029.2001953125,7029.2001953125,545721200.0,0.5561203011438998
2021-09-14,7034.10009765625,7068.5,7020.10009765625,7068.39990234375,678394800.0,-0.4864367639947406
2021-09-15,7016.5,7047.2998046875,7016.5,7034.10009765625,772561700.0,-0.25052462868707853
2021-09-16,7027.5,7059.0,7016.2998046875,7016.5,667606300.0,0.15665055894964397
2021-09-17,6963.60009765625,7092.7001953125,6941.7001953125,7027.5,1627774500.0,-0.9134427772307471
2021-09-20,6903.89990234375,6963.60009765625,6828.2998046875,6963.60009765625,905908000.0,-0.8610140851994214
2021-09-21,6981.0,7004.89990234375,6903.89990234375,6903.89990234375,811822000.0,1.1105717814016112
2021-09-22,7083.39990234375,7090.5,6981.0,6981.0,623048700.0,1.4561831647832295
2021-09-23,7078.39990234375,7131.39990234375,7070.7001953125,7083.39990234375,731206400.0,-0.07061249667009216
2021-09-24,7051.5,7080.2001953125,7041.2998046875,7078.39990234375,836348200.0,-0.3807519519237855
2021-09-27,7063.39990234375,7122.10009765625,7043.2001953125,7051.5,900413700.0,0.16861480060731335
2021-09-28,7028.10009765625,7071.39990234375,7015.60009765625,7063.39990234375,819400500.0,-0.5010095238405425
2021-09-29,7108.2001953125,7117.5,7026.89990234375,7028.10009765625,810850000.0,1.1332661765874148
2021-09-30,7086.39990234375,7159.60009765625,7072.60009765625,7108.2001953125,868050200.0,-0.3071634277701519
2021-10-01,7027.10009765625,7086.39990234375,6989.60009765625,7086.39990234375,815417000.0,-0.8403323576138806
2021-10-04,7011.0,7072.5,7002.7001953125,7027.10009765625,792854800.0,-0.22937726050287643
2021-10-05,7077.10009765625,7084.5,7011.0,7011.0,846145500.0,0.9383888849085751
2021-10-06,6995.89990234375,7077.10009765625,6945.5,7077.10009765625,944014100.0,-1.1539983861006688
2021-10-07,7078.0,7094.89990234375,6995.89990234375,6995.89990234375,709629100.0,1.1667132710361947
2021-10-08,7095.60009765625,7109.2998046875,7070.5,7078.0,707356500.0,0.24835054723062389
2021-10-11,7146.89990234375,7146.89990234375,7085.89990234375,7095.60009765625,709511700.0,0.7203795195528496
2021-10-12,7130.2001953125,7146.89990234375,7063.39990234375,7146.89990234375,815613600.0,-0.23393706751371077
2021-10-13,7141.7998046875,7152.89990234375,7087.89990234375,7130.2001953125,1041234500.0,0.162550615598501
2021-10-14,7207.7001953125,7216.2001953125,7141.7998046875,7141.7998046875,785955800.0,0.918510804393131
2021-10-15,7234.0,7243.89990234375,7206.2998046875,7207.7001953125,813605700.0,0.36422074140205624
2021-10-18,7203.7998046875,7234.0,7180.2001953125,7234.0,580835500.0,-0.4183496068252665
2021-10-19,7217.5,7223.2998046875,7189.5,7203.7998046875,677316100.0,0.18999950932996165
2021-10-20,7223.10009765625,7229.2998046875,7199.2998046875,7217.5,655710900.0,0.0775604600794074
2021-10-21,7190.2998046875,7227.10009765625,7181.7001953125,7223.10009765625,615511300.0,-0.4551368839046643
2021-10-22,7204.60009765625,7235.2001953125,7190.2998046875,7190.2998046875,482745100.0,0.1986856146285189
2021-10-25,7222.7998046875,7247.5,7204.60009765625,7204.60009765625,590620500.0,0.2522937855496245
2021-10-26,7277.60009765625,7281.2001953125,7222.7998046875,7222.7998046875,683335400.0,0.755848862597677
2021-10-27,7253.2998046875,7280.5,7247.2998046875,7277.60009765625,606503800.0,-0.33446401510205953
2021-10-28,7249.5,7257.89990234375,7219.7001953125,7253.2998046875,677063000.0,-0.052400982232677
2021-10-29,7237.60009765625,7249.5,7192.10009765625,7249.5,875049200.0,-0.16428277488115556
2021-11-01,7288.60009765625,7303.39990234375,7237.60009765625,7237.60009765625,644379600.0,0.7021823858221182
2021-11-02,7274.7998046875,7288.60009765625,7240.0,7288.60009765625,788360700.0,-0.18952026576127332
2021-11-03,7248.89990234375,7277.60009765625,7235.2998046875,7274.7998046875,729024900.0,-0.3566574677398975
2021-11-04,7279.89990234375,7293.0,7247.60009765625,7248.89990234375,988387200.0,0.42673926905012527
2021-11-05,7304.0,7331.2998046875,7270.0,7279.89990234375,829628100.0,0.33050308566567477
2021-11-08,7300.39990234375,7316.5,7293.5,7304.0,617444100.0,-0.04930154957744474
2021-11-09,7274.0,7314.10009765625,7268.7998046875,7300.39990234375,780375900.0,-0.36227812320955755
2021-11-10,7340.2001953125,7340.2001953125,7270.10009765625,7274.0,908302100.0,0.9059770255418468
2021-11-11,7384.2001953125,7394.39990234375,7329.7001953125,7340.2001953125,672658500.0,0.5976492054048438
2021-11-12,7347.89990234375,7402.7001953125,7340.5,7384.2001953125,766415500.0,-0.49280640496978007
2021-11-15,7351.89990234375,7363.5,7324.10009765625,7347.89990234375,604752800.0,0.054422511216119684
2021-11-16,7327.0,7368.2998046875,7324.10009765625,7351.89990234375,849713500.0,-0.3392614758900721
2021-11-17,7291.2001953125,7327.0,7290.0,7327.0,980280900.0,-0.48979868629174833
2021-11-18,7256.0,7291.2998046875,7242.0,7291.2001953125,590225200.0,-0.4839455502073896
2021-11-19,7223.60009765625,7289.5,7198.7998046875,7256.0,1174484200.0,-0.44752556977288227
2021-11-22,7255.5,7272.60009765625,7207.7998046875,7223.60009765625,638191500.0,0.4406344833903852
2021-11-23,7266.7001953125,7293.10009765625,7204.39990234375,7255.5,624614500.0,0.15424932011087908
2021-11-24,7286.2998046875,7307.89990234375,7246.0,7266.7001953125,661514300.0,0.2693550639036298
2021-11-25,7310.39990234375,7311.89990234375,7286.2998046875,7286.2998046875,487924100.0,0.3302132679177337
2021-11-26,7044.0,7310.39990234375,7042.10009765625,7310.39990234375,1714871800.0,-3.7121787834373006
2021-11-29,7110.0,7161.89990234375,7044.0,7044.0,945061900.0,0.9326053181189864
2021-11-30,7059.5,7110.0,6989.7001953125,7110.0,1459578100.0,-0.7128016347706769
2021-12-01,7168.7001953125,7182.0,7059.39990234375,7059.5,779578300.0,1.5350126932301988
2021-12-02,7129.2001953125,7168.7001953125,7083.2001953125,7168.7001953125,724509800.0,-0.5525300836054678
2021-12-03,7122.2998046875,7196.10009765625,7105.2998046875,7129.2001953125,867111100.0,-0.09683740187679328
2021-12-06,7232.2998046875,7246.2998046875,7122.2998046875,7122.2998046875,637274000.0,1.5326397979884887
2021-12-07,7339.89990234375,7344.7001953125,7232.2998046875,7232.2998046875,783615400.0,1.4768127725760634
2021-12-08,7337.39990234375,7378.89990234375,7333.60009765625,7339.89990234375,776663000.0,-0.03406621187063986
2021-12-09,7321.2998046875,7366.10009765625,7303.0,7337.10009765625,615185100.0,-0.2196661975760727
2021-12-10,7291.7998046875,7331.60009765625,7284.7998046875,7321.2998046875,533854300.0,-0.4037478818652976
2021-12-13,7231.39990234375,7309.2001953125,7226.60009765625,7291.7998046875,1173948800.0,-0.8317760795568726
2021-12-14,7218.60009765625,7284.5,7218.60009765625,7231.39990234375,662325900.0,-0.17715997280625984
2021-12-15,7170.7998046875,7224.89990234375,7166.7998046875,7218.60009765625,813609300.0,-0.664384465246838
2021-12-16,7260.60009765625,7273.2998046875,7170.7998046875,7170.7998046875,1155236100.0,1.2445286338739188
2021-12-17,7269.89990234375,7286.5,7236.2001953125,7260.60009765625,1477578800.0,0.12800393595968307
2021-12-20,7198.0,7269.89990234375,7101.0,7269.89990234375,925062200.0,-0.9939313202845101
2021-12-21,7297.39990234375,7297.39990234375,7198.0,7198.0,683669700.0,1.3714897290011678
2021-12-22,7341.7001953125,7341.7001953125,7273.5,7297.39990234375,514772900.0,0.6052343095265523
2021-12-23,7373.2998046875,7385.39990234375,7331.10009765625,7341.7001953125,422671500.0,0.4294890648872258
2021-12-24,7372.10009765625,7403.7001953125,7368.7998046875,7373.2998046875,126005500.0,-0.016272288874396967
2021-12-29,7420.7001953125,7457.10009765625,7372.10009765625,7372.10009765625,445975700.0,0.657080086993989
2021-12-30,7403.0,7433.39990234375,7403.0,7420.7001953125,266402700.0,-0.23880952112229417
2021-12-31,7384.5,7403.0,7357.10009765625,7403.0,179343800.0,-0.25021145767333897
2022-01-04,7505.2001953125,7520.7998046875,7384.5,7384.5,934179500.0,1.6212930770477787
2022-01-05,7516.89990234375,7530.0,7484.2998046875,7505.2001953125,707511200.0,0.15576662811189448
2022-01-06,7450.39990234375,7516.89990234375,7420.0,7516.89990234375,843728700.0,-0.8886096818031504
2022-01-07,7485.2998046875,7485.2998046875,7431.89990234375,7450.39990234375,705191000.0,0.46733620181219315
2022-01-10,7445.2998046875,7496.10009765625,7422.89990234375,7485.2998046875,1047171300.0,-0.535813654444192
2022-01-11,7491.39990234375,7497.10009765625,7445.2998046875,7445.2998046875,727102400.0,0.6172748323126084
2022-01-12,7551.7001953125,7564.2001953125,7491.39990234375,7491.39990234375,873805500.0,0.8017046426668629
2022-01-13,7563.89990234375,7566.5,7530.10009765625,7551.7001953125,776326000.0,0.16141879384738894
2022-01-14,7543.0,7568.2001953125,7523.0,7563.89990234375,790074900.0,-0.27669364082479614
2022-01-17,7611.2001953125,7616.10009765625,7543.0,7543.0,812336800.0,0.9000891485582505
2022-01-18,7563.60009765625,7613.10009765625,7532.0,7611.2001953125,953228000.0,-0.6273592120803637
2022-01-19,7589.7001953125,7614.89990234375,7525.2001953125,7563.60009765625,867104400.0,0.3444810432294618
2022-01-20,7585.0,7619.0,7549.89990234375,7589.7001953125,786613700.0,-0.06194778680716237
2022-01-21,7494.10009765625,7585.0,7450.5,7585.0,819199800.0,-1.205655547840585
2022-01-24,7297.2001953125,7494.10009765625,7283.39990234375,7494.10009765625,1332106600.0,-2.662531762475952
2022-01-25,7371.5,7382.60009765625,7297.2001953125,7297.2001953125,851981700.0,1.013047361040723
2022-01-26,7469.7998046875,7525.60009765625,7371.5,7371.5,783181000.0,1.3246985569899343
2022-01-27,7554.2998046875,7596.7001953125,7388.7998046875,7469.7998046875,1022547800.0,1.1248712828342233
2022-01-28,7466.10009765625,7554.2998046875,7420.2001953125,7554.2998046875,1529106100.0,-1.174412417029134
2022-01-31,7464.39990234375,7524.0,7450.89990234375,7466.10009765625,761419500.0,-0.02277479414419211
2022-02-01,7535.7998046875,7549.2998046875,7463.0,7464.39990234375,746456700.0,0.9519932131559706
2022-02-02,7583.0,7605.60009765625,7535.7998046875,7535.7998046875,719672400.0,0.6243927992993088
2022-02-03,7528.7998046875,7605.7998046875,7528.7001953125,7583.0,911775100.0,-0.7173259098407008
2022-02-04,7516.39990234375,7599.7001953125,7497.2001953125,7528.7998046875,885041900.0,-0.16483536799543858
2022-02-07,7573.5,7591.7001953125,7508.5,7516.39990234375,1073651000.0,0.7568025044505867
2022-02-08,7567.10009765625,7631.2998046875,7548.2001953125,7573.5,804533800.0,-0.08453961776462685
2022-02-09,7643.39990234375,7657.89990234375,7567.10009765625,7567.10009765625,992005300.0,1.003260177781658
2022-02-10,7672.39990234375,7687.2998046875,7622.7001953125,7643.39990234375,831756900.0,0.378694355202944
2022-02-11,7661.0,7672.39990234375,7596.10009765625,7672.39990234375,909140800.0,-0.1486937602458714
2022-02-14,7531.60009765625,7661.0,7483.39990234375,7661.0,925229500.0,-1.7035007928345218
2022-02-15,7608.89990234375,7608.89990234375,7513.2001953125,7531.60009765625,808114200.0,1.0211086335759343
2022-02-16,7603.7998046875,7630.7001953125,7560.89990234375,7608.89990234375,1128096000.0,-0.06705052943320873
2022-02-17,7537.39990234375,7607.2001953125,7499.89990234375,7603.7998046875,776929900.0,-0.8770814637036325
2022-02-18,7513.60009765625,7570.60009765625,7508.7001953125,7537.39990234375,768986400.0,-0.31625572419340525
2022-02-21,7484.2998046875,7571.10009765625,7446.39990234375,7513.60009765625,622636900.0,-0.39072577408836756
2022-02-22,7494.2001953125,7531.2998046875,7365.0,7484.2998046875,1018787100.0,0.13219470663657873
2022-02-23,7498.2001953125,7550.0,7490.5,7494.2001953125,862648700.0,0.05336036912957366
2022-02-24,7207.0,7498.2001953125,7204.7001953125,7498.2001953125,1966584700.0,-3.9610241843269716
2022-02-25,7489.5,7497.89990234375,7207.39990234375,7207.39990234375,1381725400.0,3.844926368433252
2022-02-28,7458.2998046875,7489.5,7361.60009765625,7489.5,1584580200.0,-0.4174559604825693
2022-03-01,7330.2001953125,7499.2998046875,7327.7998046875,7458.2998046875,1349616800.0,-1.732465272097179
2022-03-02,7429.60009765625,7462.2001953125,7320.7998046875,7330.2001953125,1325548600.0,1.3469207323035888
2022-03-03,7238.89990234375,7468.7998046875,7231.5,7429.60009765625,1226956300.0,-2.6002786961483655
2022-03-04,6987.10009765625,7238.89990234375,6980.89990234375,7238.89990234375,1560387400.0,-3.5403641923587212
2022-03-07,6959.5,7030.7001953125,6788.0,6987.10009765625,2177431900.0,-0.395797305348608
2022-03-08,6964.10009765625,7013.5,6893.60009765625,6959.5,1443985900.0,0.06607627038059291
2022-03-09,7190.7001953125,7190.7001953125,6964.10009765625,6964.10009765625,1239463500.0,3.202015620761313
2022-03-10,7099.10009765625,7192.7998046875,7066.0,7190.7001953125,1139094000.0,-1.2820522391501832
2022-03-11,7155.60009765625,7260.39990234375,7099.0,7099.10009765625,973207200.0,0.7927251377215804
2022-03-14,7193.5,7222.89990234375,7144.0,7155.60009765625,916048600.0,0.5282559912499442
2022-03-15,7175.7001953125,7193.5,7075.7998046875,7193.5,870528100.0,-0.24774954138200583
2022-03-16,7291.7001953125,7312.2001953125,7175.7001953125,7175.7001953125,1914129400.0,1.6036396698151896
2022-03-17,7385.2998046875,7385.2998046875,7260.5,7291.7001953125,1095585500.0,1.2754769817082137
2022-03-18,7404.7001953125,7406.10009765625,7318.89990234375,7385.2998046875,2316358900.0,0.26234485127657814
2022-03-21,7442.39990234375,7465.0,7402.60009765625,7404.7001953125,811977600.0,0.5078404241474185
2022-03-22,7476.7001953125,7490.5,7442.39990234375,7442.39990234375,1017354500.0,0.45981799410428875
2022-03-23,7460.60009765625,7521.10009765625,7459.39990234375,7476.7001953125,859391300.0,-0.21556912661918076
2022-03-24,7467.39990234375,7492.0,7453.2998046875,7460.60009765625,737167300.0,0.09110135527585148
2022-03-25,7483.39990234375,7502.7001953125,7441.2998046875,7467.39990234375,870705400.0,0.21403545385097178
2022-03-28,7473.10009765625,7539.2998046875,7471.5,7483.39990234375,775526800.0,-0.13773016836416832
2022-03-29,7537.2998046875,7584.10009765625,7473.10009765625,7473.10009765625,1172893900.0,0.8554082358711995
2022-03-30,7578.7998046875,7578.7998046875,7523.7998046875,7537.2998046875,1036020900.0,0.5490848213375551
2022-03-31,7515.7001953125,7595.39990234375,7515.7001953125,7578.7998046875,925410900.0,-0.8360658111626503
2022-04-01,7537.89990234375,7552.5,7508.89990234375,7515.7001953125,811395500.0,0.29494237897055897
2022-04-04,7558.89990234375,7574.2998046875,7532.2001953125,7537.89990234375,837403600.0,0.2782048356780275
2022-04-05,7613.7001953125,7613.7001953125,7536.2001953125,7558.89990234375,1212100600.0,0.7223617693572316
2022-04-06,7587.7001953125,7614.10009765625,7536.2001953125,7613.7001953125,1102885900.0,-0.3420740811380713
2022-04-07,7551.7998046875,7601.5,7537.2998046875,7587.7001953125,1153908000.0,-0.47426213435901476
2022-04-08,7669.60009765625,7669.60009765625,7551.7998046875,7551.7998046875,919254100.0,1.5478555934919414
2022-04-11,7618.2998046875,7669.60009765625,7611.7001953125,7669.60009765625,835767000.0,-0.6711253455000223
2022-04-12,7576.7001953125,7618.2998046875,7543.0,7618.2998046875,772543400.0,-0.5475447621778853
2022-04-13,7580.7998046875,7597.89990234375,7550.89990234375,7576.7001953125,742706800.0,0.05409347814567371
2022-04-14,7616.39990234375,7622.39990234375,7551.39990234375,7580.7998046875,1005764400.0,0.46850950782216827
2022-04-19,7601.2998046875,7624.89990234375,7565.7998046875,7616.39990234375,846777100.0,-0.1984544695036584
2022-04-20,7629.2001953125,7637.89990234375,7590.60009765625,7601.2998046875,1212543400.0,0.3663756519374178
2022-04-21,7628.0,7656.5,7596.2998046875,7629.2001953125,764750300.0,-0.015732838261427216
2022-04-22,7521.7001953125,7628.0,7521.7001953125,7628.0,694792900.0,-1.4033485528677687
2022-04-25,7380.5,7521.7001953125,7339.5,7521.7001953125,755160100.0,-1.8950815214580543
2022-04-26,7386.2001953125,7463.2001953125,7380.5,7380.5,847986700.0,0.07720337679011335
2022-04-27,7425.60009765625,7458.2001953125,7344.89990234375,7386.2001953125,958503900.0,0.5320081893252911
2022-04-28,7509.2001953125,7519.7001953125,7425.60009765625,7425.60009765625,917004000.0,1.1195458821762754
2022-04-29,7544.60009765625,7569.7998046875,7509.2001953125,7509.2001953125,983441700.0,0.4703127038601967
2022-05-03,7561.2998046875,7561.2998046875,7475.7001953125,7544.60009765625,1342876200.0,0.22110187333952577
2022-05-04,7493.5,7572.7001953125,7493.5,7561.2998046875,699267900.0,-0.900712914691445
2022-05-05,7503.2998046875,7619.39990234375,7493.5,7493.5,931632400.0,0.13069196375227152
2022-05-06,7387.89990234375,7503.2998046875,7354.10009765625,7503.2998046875,1089227300.0,-1.549938417636534
2022-05-09,7216.60009765625,7391.60009765625,7216.60009765625,7387.89990234375,803955700.0,-2.3459572169471183
2022-05-10,7243.2001953125,7311.7001953125,7216.60009765625,7216.60009765625,919988500.0,0.36791832699032895
2022-05-11,7347.7001953125,7349.7001953125,7239.0,7243.2001953125,1206944700.0,1.432424100032349
2022-05-12,7233.2998046875,7347.7001953125,7158.5,7347.7001953125,966343100.0,-1.5692029093924456
2022-05-13,7418.2001953125,7422.0,7233.2998046875,7233.2998046875,871946000.0,2.524112990700308
2022-05-16,7464.7998046875,7464.7998046875,7361.7001953125,7418.2001953125,814978400.0,0.6262146295304339
2022-05-17,7518.39990234375,7538.7001953125,7464.7998046875,7464.7998046875,821412200.0,0.7154723604237525
2022-05-18,7438.10009765625,7526.10009765625,7438.10009765625,7518.39990234375,830397600.0,-1.0737883361431049
2022-05-19,7302.7001953125,7438.10009765625,7228.7001953125,7438.10009765625,1037438100.0,-1.8371283485190946
2022-05-20,7390.0,7453.5,7302.7001953125,7302.7001953125,790841400.0,1.188356542928539
2022-05-23,7513.39990234375,7513.39990234375,7390.0,7390.0,819767300.0,1.65603450608964
2022-05-24,7484.39990234375,7529.7001953125,7434.5,7513.39990234375,1113802600.0,-0.38672387310398626
2022-05-25,7522.7998046875,7546.39990234375,7484.39990234375,7484.39990234375,898078000.0,0.5117541833078818
2022-05-26,7564.89990234375,7575.5,7512.5,7522.7998046875,709669900.0,0.5580732350123832
2022-05-27,7585.5,7597.60009765625,7542.7998046875,7564.89990234375,713185000.0,0.271941473284061
2022-05-30,7600.10009765625,7625.60009765625,7576.39990234375,7585.5,1009169800.0,0.1922887743785026
2022-05-31,7607.7001953125,7648.2998046875,7591.7998046875,7600.10009765625,1620576000.0,0.09995000121710731
2022-06-01,7533.0,7639.2001953125,7529.2001953125,7607.7001953125,734829800.0,-0.9867549118408684
2022-06-06,7608.2001953125,7646.7001953125,7532.7998046875,7533.0,696171700.0,0.9933269843090725
2022-06-07,7598.89990234375,7617.5,7570.7001953125,7608.2001953125,750124500.0,-0.12231515632224305
2022-06-08,7593.0,7616.2001953125,7550.7001953125,7598.89990234375,776478300.0,-0.0776716892329148
2022-06-09,7476.2001953125,7593.0,7472.2998046875,7593.0,771939100.0,-1.5502102597104415
2022-06-10,7317.5,7476.2001953125,7294.2001953125,7476.2001953125,911375600.0,-2.1455928050088424
2022-06-13,7205.7998046875,7317.5,7174.0,7317.5,980090400.0,-1.5382509396975397
2022-06-14,7187.5,7271.89990234375,7135.2001953125,7205.7998046875,864847700.0,-0.2542824063459646
2022-06-15,7273.39990234375,7313.7001953125,7186.5,7187.5,1089092800.0,1.1880438047688606
2022-06-16,7045.0,7273.39990234375,7039.5,7273.39990234375,1162889200.0,-3.1905698820513826
2022-06-17,7016.2998046875,7130.60009765625,6998.2001953125,7045.0,1908921300.0,-0.40821596248151876
2022-06-20,7121.7998046875,7129.60009765625,7016.2001953125,7016.2998046875,666757200.0,1.4924489311414535
2022-06-21,7152.10009765625,7193.89990234375,7119.2998046875,7121.7998046875,580244500.0,0.42455584933361107
2022-06-22,7089.2001953125,7152.10009765625,7030.0,7152.10009765625,1204359700.0,-0.8833506781020801
2022-06-23,7020.5,7115.7998046875,7014.2001953125,7089.2001953125,763870700.0,-0.9738086176998278
2022-06-24,7208.7998046875,7211.10009765625,7016.0,7020.5,772223900.0,2.6468034272508687
2022-06-27,7258.2998046875,7284.5,7208.5,7208.7998046875,802411400.0,0.6843139883490644
2022-06-28,7323.39990234375,7362.39990234375,7258.2998046875,7258.2998046875,735789800.0,0.8929072946303582
2022-06-29,7312.2998046875,7345.5,7263.5,7323.39990234375,718640800.0,-0.1516852628400757
2022-06-30,7169.2998046875,7312.2998046875,7110.7001953125,7312.2998046875,903650800.0,-1.9749841453615178
2022-07-01,7168.7001953125,7214.7998046875,7101.39990234375,7169.2998046875,677216200.0,-0.008363919310213807
2022-07-04,7232.7001953125,7258.5,7168.7001953125,7168.7001953125,420674600.0,0.8888083045574208
2022-07-05,7025.5,7260.2998046875,7016.7998046875,7232.7001953125,1105144500.0,-2.906605038106109
2022-07-06,7107.7998046875,7198.7001953125,7025.39990234375,7025.5,933905000.0,1.164635804359683
2022-07-07,7189.10009765625,7213.10009765625,7107.7998046875,7107.7998046875,1108987400.0,1.1373258521559584
2022-07-08,7196.2001953125,7210.60009765625,7129.2001953125,7189.10009765625,604222100.0,0.09871324321630058
2022-07-11,7196.60009765625,7204.10009765625,7097.39990234375,7196.2001953125,676893400.0,0.005556977595930115
2022-07-12,7209.89990234375,7216.89990234375,7143.2998046875,7196.60009765625,855143900.0,0.18463621928729385
2022-07-13,7156.39990234375,7209.89990234375,7104.10009765625,7209.89990234375,805881600.0,-0.7448020442880892
2022-07-14,7039.7998046875,7157.60009765625,7007.10009765625,7156.39990234375,848278400.0,-1.6427314656073695
2022-07-15,7159.0,7167.89990234375,7038.2001953125,7039.7998046875,782905500.0,1.6790573482593278
2022-07-18,7223.2001953125,7268.89990234375,7159.0,7159.0,670662200.0,0.8927788636692614
2022-07-19,7296.2998046875,7309.0,7174.39990234375,7223.2001953125,665883200.0,1.0069248528298158
2022-07-20,7264.2998046875,7347.60009765625,7253.60009765625,7296.2998046875,1059158500.0,-0.43954304600025373
2022-07-21,7270.5,7274.7001953125,7200.10009765625,7264.2998046875,798169600.0,0.08531518523672027
2022-07-22,7276.39990234375,7315.2998046875,7254.0,7270.5,606877600.0,0.08111560135639202
2022-07-25,7306.2998046875,7309.7001953125,7242.89990234375,7276.39990234375,711402100.0,0.41007419537360146
2022-07-26,7306.2998046875,7365.39990234375,7301.2001953125,7306.2998046875,730984300.0,0.0
2022-07-27,7348.2001953125,7365.2001953125,7306.2998046875,7306.2998046875,1188866700.0,0.5718448914094675
2022-07-28,7345.2998046875,7396.2001953125,7309.0,7348.2001953125,745838600.0,-0.03947855395474368
2022-07-29,7423.39990234375,7441.2001953125,7345.2998046875,7345.2998046875,883363000.0,1.0576533783911495
2022-08-01,7413.39990234375,7471.89990234375,7408.89990234375,7446.0,558506400.0,-0.1347999790506474
2022-08-02,7409.10009765625,7433.2998046875,7386.7998046875,7413.39990234375,623919300.0,-0.05801726845146989
2022-08-03,7445.7001953125,7445.89990234375,7372.7001953125,7409.10009765625,947917500.0,0.4927723159661764
2022-08-04,7448.10009765625,7491.7001953125,7417.5,7445.7001953125,858684300.0,0.032226863759584674
2022-08-05,7439.7001953125,7470.60009765625,7420.2001953125,7448.10009765625,609722300.0,-0.11284277152819588
2022-08-08,7482.39990234375,7513.7998046875,7439.7001953125,7439.7001953125,626255900.0,0.5723031382626796
2022-08-09,7488.2001953125,7504.60009765625,7475.0,7482.39990234375,648601100.0,0.07748912162703653
2022-08-10,7507.10009765625,7520.7001953125,7468.60009765625,7488.2001953125,766193200.0,0.25207781081405606
2022-08-11,7465.89990234375,7515.0,7460.10009765625,7507.10009765625,630220500.0,-0.550327914180897
2022-08-12,7500.89990234375,7516.7998046875,7464.10009765625,7465.89990234375,497719500.0,0.4677027054224202
2022-08-15,7509.2001953125,7539.2001953125,7463.5,7500.89990234375,460509300.0,0.11059611542613981
2022-08-16,7536.10009765625,7563.7001953125,7509.2001953125,7509.2001953125,514362800.0,0.3575858305715734
2022-08-17,7515.7998046875,7554.0,7501.5,7536.10009765625,505660900.0,-0.2697374472181084
2022-08-18,7541.89990234375,7541.89990234375,7493.7001953125,7515.7998046875,606626300.0,0.3466681405931355
2022-08-19,7550.39990234375,7578.89990234375,7513.2998046875,7541.89990234375,726312000.0,0.11264023387715029
2022-08-22,7533.7998046875,7550.39990234375,7491.2998046875,7550.39990234375,575411700.0,-0.22009923867456727
2022-08-23,7488.10009765625,7533.7998046875,7467.60009765625,7533.7998046875,673045500.0,-0.6084429840824637
2022-08-24,7471.5,7488.10009765625,7410.39990234375,7488.10009765625,579010600.0,-0.22193246291875293
2022-08-25,7479.7001953125,7535.7001953125,7469.2001953125,7471.5,438562000.0,0.10969281432418551
2022-08-26,7427.2998046875,7530.7001953125,7422.0,7479.7001953125,627296800.0,-0.7030335607651894
2022-08-30,7361.60009765625,7486.39990234375,7351.10009765625,7427.2998046875,1120430700.0,-0.8885061050205457
2022-08-31,7284.2001953125,7378.39990234375,7263.60009765625,7361.60009765625,1154010300.0,-1.0569667942145395
2022-09-01,7148.5,7284.2001953125,7131.7001953125,7284.2001953125,746248100.0,-1.8805101255468228
2022-09-02,7281.2001953125,7288.7001953125,7148.5,7148.5,820948300.0,1.8393166126742995
2022-09-05,7287.39990234375,7288.5,7191.2001953125,7281.2001953125,670793100.0,0.08511054410083659
2022-09-06,7300.39990234375,7324.2001953125,7256.5,7287.39990234375,836364000.0,0.178231174205963
2022-09-07,7237.7998046875,7300.39990234375,7186.60009765625,7300.39990234375,1176357500.0,-0.8611861964701755
2022-09-08,7262.10009765625,7273.0,7175.7998046875,7237.7998046875,676276000.0,0.3351790823736486
2022-09-09,7351.10009765625,7386.60009765625,7262.10009765625,7262.10009765625,703941600.0,1.2180918519419546
2022-09-12,7473.0,7483.0,7351.10009765625,7351.10009765625,903301500.0,1.6446549772805963
2022-09-13,7385.89990234375,7514.0,7385.89990234375,7473.0,712367700.0,-1.1723760959500429
2022-09-14,7277.2998046875,7385.89990234375,7259.2001953125,7385.89990234375,1021172400.0,-1.4812876532202337
2022-09-15,7282.10009765625,7329.0,7258.7001953125,7277.2998046875,843763100.0,0.06594081040271144
2022-09-16,7236.7001953125,7297.10009765625,7236.2001953125,7282.10009765625,2140678300.0,-0.6253967187558085
2022-09-20,7192.7001953125,7326.5,7171.2001953125,7236.7001953125,1046871600.0,-0.6098678418551248
2022-09-21,7237.60009765625,7258.89990234375,7170.7001953125,7192.7001953125,1446128700.0,0.6223023267931892
2022-09-22,7159.5,7243.89990234375,7149.60009765625,7237.60009765625,906687400.0,-1.084952709037598
2022-09-23,7018.60009765625,7169.10009765625,6981.5,7159.5,982104000.0,-1.9876364268559377
2022-09-26,7021.0,7071.10009765625,6937.39990234375,7018.60009765625,1161459400.0,0.034187617174729304
2022-09-27,6984.60009765625,7074.0,6984.60009765625,7021.0,1223459100.0,-0.5197918553346126
2022-09-28,7005.39990234375,7011.5,6836.2998046875,6984.60009765625,1525149400.0,0.29735268067543436
2022-09-29,6881.60009765625,7005.39990234375,6829.2998046875,7005.39990234375,1165954500.0,-1.7830069050263162
2022-09-30,6893.7998046875,6954.89990234375,6840.10009765625,6881.60009765625,1171310300.0,0.17712313700083854
2022-10-03,6908.7998046875,6923.7998046875,6797.39990234375,6893.7998046875,1216065800.0,0.21735044599805178
2022-10-04,7086.5,7088.2001953125,6908.7001953125,6908.7998046875,1121827800.0,2.539563255657696
2022-10-05,7052.60009765625,7086.5,6978.0,7086.5,868625500.0,-0.47952086154732776
2022-10-06,6997.2998046875,7079.7001953125,6961.10009765625,7052.60009765625,995714800.0,-0.7872024559191954
2022-10-07,6991.10009765625,7022.39990234375,6960.39990234375,6997.2998046875,807923600.0,-0.08864069486811992
2022-10-10,6959.2998046875,6999.2001953125,6922.89990234375,6991.10009765625,918512600.0,-0.455905899073131
2022-10-11,6885.2001953125,6959.39990234375,6860.2998046875,6959.2998046875,813949300.0,-1.0704657728527265
2022-10-12,6826.2001953125,6916.89990234375,6793.7998046875,6885.2001953125,973810400.0,-0.860603037844421
2022-10-13,6850.2998046875,6872.89990234375,6707.60009765625,6826.2001953125,1116625200.0,0.35242400202724733
2022-10-14,6858.7998046875,6976.2998046875,6850.2998046875,6850.2998046875,881210300.0,0.12400524223214023
2022-10-17,6920.2001953125,6959.7001953125,6850.39990234375,6858.7998046875,951222700.0,0.8912228323201109
2022-10-18,6936.7001953125,7017.39990234375,6920.2001953125,6920.2001953125,932599200.0,0.23814860947462516
2022-10-19,6925.0,6968.2998046875,6890.7001953125,6936.7001953125,699543100.0,-0.16881331909128833
2022-10-20,6943.89990234375,6954.2001953125,6894.89990234375,6925.0,814484300.0,0.27255101956909994
2022-10-21,6969.7001953125,6976.2001953125,6864.10009765625,6943.89990234375,668448000.0,0.3708647993221564
2022-10-24,7014.0,7047.39990234375,6914.7001953125,6969.7001953125,620033900.0,0.6335941455671863
2022-10-25,7013.5,7025.2001953125,6949.2001953125,7014.0,621328900.0,-0.007128854039735269
2022-10-26,7056.10009765625,7057.39990234375,6960.10009765625,7013.5,1054624200.0,0.6055641602050739
2022-10-27,7073.7001953125,7093.10009765625,7034.2001953125,7056.10009765625,920365100.0,0.24912038944149337
2022-10-28,7047.7001953125,7073.7001953125,6997.5,7073.7001953125,683640200.0,-0.36823584999039155
2022-10-31,7094.5,7132.89990234375,7030.10009765625,7047.7001953125,881761300.0,0.6618485791080257
2022-11-01,7186.2001953125,7221.2998046875,7094.5,7094.5,879817800.0,1.2842711412976457
2022-11-02,7144.10009765625,7205.10009765625,7130.5,7186.2001953125,688038000.0,-0.5875692472122632
2022-11-03,7188.60009765625,7188.60009765625,7076.5,7144.10009765625,721711200.0,0.6209596570563766
2022-11-04,7334.7998046875,7376.2001953125,7188.60009765625,7188.60009765625,960620800.0,2.0133666588026222
2022-11-07,7300.0,7346.7001953125,7288.0,7334.7998046875,718412900.0,-0.4755769910329587
2022-11-08,7306.10009765625,7313.5,7244.7998046875,7300.0,959888700.0,0.08352808717086312
2022-11-09,7296.2998046875,7307.7998046875,7263.5,7306.10009765625,529922700.0,-0.13422854470153017
2022-11-10,7375.2998046875,7405.10009765625,7253.39990234375,7296.2998046875,769446200.0,1.0769209303646403
2022-11-11,7318.0,7408.60009765625,7316.7998046875,7375.2998046875,931267700.0,-0.7799486285670117
2022-11-14,7385.2001953125,7413.7998046875,7317.60009765625,7318.0,732981800.0,0.9140957388909713
2022-11-15,7369.39990234375,7413.0,7344.89990234375,7385.2001953125,939772400.0,-0.21417454765199953
2022-11-16,7351.2001953125,7394.39990234375,7341.60009765625,7369.39990234375,765409500.0,-0.24726867360753885
2022-11-17,7346.5,7354.10009765625,7294.7998046875,7351.2001953125,752043800.0,-0.06395824394653825
2022-11-18,7385.5,7423.5,7343.5,7346.5,844911100.0,0.529460916465347
2022-11-21,7376.89990234375,7402.7998046875,7343.39990234375,7385.5,666262800.0,-0.11651355722724019
2022-11-22,7452.7998046875,7458.89990234375,7373.60009765625,7376.89990234375,575525600.0,1.0236291575045857
2022-11-23,7465.2001953125,7498.2998046875,7452.7998046875,7452.7998046875,872545100.0,0.16624739886092482
2022-11-24,7466.60009765625,7488.10009765625,7443.5,7465.2001953125,418286100.0,0.018750617077443982
2022-11-25,7486.7001953125,7497.2001953125,7461.7998046875,7466.60009765625,522719700.0,0.26883844192806633
2022-11-28,7474.0,7496.7998046875,7420.0,7486.7001953125,662622600.0,-0.16978080166631868
2022-11-29,7512.0,7543.10009765625,7474.0,7474.0,714685200.0,0.507141084266954
2022-11-30,7573.10009765625,7599.2998046875,7512.0,7512.0,1394738300.0,0.8100765840239211
2022-12-01,7558.5,7599.7001953125,7552.2998046875,7573.10009765625,642843000.0,-0.19297499395756143
2022-12-02,7556.2001953125,7570.5,7508.0,7558.5,540219900.0,-0.03043136384486871
2022-12-05,7567.5,7598.2001953125,7547.7998046875,7556.2001953125,509145400.0,0.1494317745559814
2022-12-06,7521.39990234375,7567.60009765625,7521.39990234375,7567.5,805368600.0,-0.6110484050532146
2022-12-07,7489.2001953125,7567.2001953125,7489.2001953125,7521.39990234375,727846100.0,-0.4290269038123542
2022-12-08,7472.2001953125,7508.0,7469.10009765625,7489.2001953125,637244700.0,-0.22725155229161237
2022-12-09,7476.60009765625,7498.0,7431.39990234375,7472.2001953125,741398100.0,0.058866295416033505
2022-12-12,7446.0,7476.60009765625,7438.89990234375,7476.60009765625,606464000.0,-0.41011808058000626
2022-12-13,7502.89990234375,7553.39990234375,7429.0,7446.0,688121300.0,0.7612624006314793
2022-12-14,7495.89990234375,7504.5,7461.7001953125,7502.89990234375,745004400.0,-0.09334080858979059
2022-12-15,7426.2001953125,7495.89990234375,7411.10009765625,7495.89990234375,616549200.0,-0.934187727858461
2022-12-16,7332.10009765625,7429.2998046875,7305.7001953125,7426.2001953125,1834745500.0,-1.2752332045479722
2022-12-19,7361.2998046875,7385.39990234375,7332.10009765625,7332.10009765625,517840400.0,0.3974538999032613
2022-12-20,7370.60009765625,7389.89990234375,7302.7998046875,7361.2998046875,799491300.0,0.12626062172462452
2022-12-21,7497.2998046875,7498.5,7368.7001953125,7370.60009765625,499178500.0,1.70438024125066
2022-12-22,7469.2998046875,7540.2998046875,7463.5,7497.2998046875,402305900.0,-0.37416692365214604
2022-12-23,7473.0,7496.39990234375,7462.7998046875,7469.2998046875,222853700.0,0.04952645090113546
2022-12-28,7497.2001953125,7547.0,7473.0,7473.0,416900400.0,0.3233118605932023
2022-12-29,7512.7001953125,7516.39990234375,7434.60009765625,7497.2001953125,351759900.0,0.2065304246690581
2022-12-30,7451.7001953125,7512.89990234375,7451.7001953125,7512.7001953125,254135300.0,-0.8152727310286068
2023-01-03,7554.10009765625,7626.39990234375,7448.7001953125,7451.7001953125,914070400.0,1.3648254659328403
2023-01-04,7585.2001953125,7609.2998046875,7545.2001953125,7554.10009765625,753877000.0,0.41085308834543766
2023-01-05,7633.5,7658.7998046875,7564.7001953125,7585.2001953125,883850800.0,0.6347449681587779
2023-01-06,7699.5,7700.7998046875,7633.5,7633.5,813538800.0,0.8608935971470435
2023-01-09,7724.89990234375,7725.7001953125,7688.7001953125,7699.5,847858600.0,0.3293473388123449
2023-01-10,7694.5,7724.89990234375,7684.39990234375,7724.89990234375,933139900.0,-0.3943077152684498
2023-01-11,7725.0,7772.39990234375,7694.39990234375,7694.5,1041280000.0,0.3956034862039758
2023-01-12,7794.0,7809.10009765625,7724.60009765625,7725.0,738395600.0,0.8892384132708289
2023-01-13,7844.10009765625,7865.0,7793.60009765625,7794.0,754267100.0,0.6407462383617648
2023-01-16,7860.10009765625,7867.2001953125,7841.89990234375,7844.10009765625,662559400.0,0.20376721306595694
2023-01-17,7851.0,7875.60009765625,7830.39990234375,7860.10009765625,992753700.0,-0.11584292146761224
2023-01-18,7830.7001953125,7867.39990234375,7824.7001953125,7851.0,963849600.0,-0.25889815228585195
2023-01-19,7747.2998046875,7830.7998046875,7726.2001953125,7830.7001953125,732044900.0,-1.0707560336057926
2023-01-20,7770.60009765625,7790.89990234375,7747.2998046875,7747.2998046875,801110300.0,0.3003023685658996
2023-01-23,7784.7001953125,7811.2001953125,7768.5,7770.60009765625,562127700.0,0.18128999443891333
2023-01-24,7757.39990234375,7800.89990234375,7741.7998046875,7784.7001953125,754271900.0,-0.3513080069610596
2023-01-25,7744.89990234375,7773.60009765625,7710.7998046875,7757.39990234375,717266400.0,-0.161266429710882
2023-01-26,7761.10009765625,7787.60009765625,7744.89990234375,7744.89990234375,828610300.0,0.20895396887537243
2023-01-27,7765.2001953125,7777.39990234375,7742.10009765625,7761.10009765625,709941200.0,0.05281487120810972
2023-01-30,7784.89990234375,7790.7001953125,7718.2998046875,7765.2001953125,1123538000.0,0.25337094226218043
2023-01-31,7771.7001953125,7784.89990234375,7708.2998046875,7784.89990234375,838335600.0,-0.16969916454852135
2023-02-01,7761.10009765625,7798.5,7745.39990234375,7771.7001953125,924663100.0,-0.13648664892176776
2023-02-02,7820.2001953125,7837.7998046875,7758.5,7761.10009765625,726760200.0,0.7586065343843562
2023-02-03,7901.7998046875,7906.60009765625,7806.89990234375,7820.2001953125,713859100.0,1.0380402250207599
2023-02-06,7836.7001953125,7901.7998046875,7808.39990234375,7901.7998046875,665926500.0,-0.8272704596569307
2023-02-07,7864.7001953125,7890.7998046875,7835.39990234375,7836.7001953125,777311900.0,0.3566564635547649
2023-02-08,7885.2001953125,7934.2998046875,7864.7001953125,7864.7001953125,587150400.0,0.2603192536876267
2023-02-09,7911.2001953125,7949.60009765625,7874.2001953125,7885.2001953125,1061015400.0,0.3291892182554052
2023-02-10,7882.5,7913.2998046875,7850.89990234375,7911.2001953125,974265500.0,-0.36343892246652426
2023-02-13,7947.60009765625,7947.60009765625,7881.89990234375,7882.5,570125100.0,0.8224896147232634
2023-02-14,7953.89990234375,7996.39990234375,7947.60009765625,7947.60009765625,697856100.0,0.07923535537020865
2023-02-15,7997.7998046875,8003.7001953125,7921.2998046875,7953.89990234375,841595900.0,0.5504117301610042
2023-02-16,8012.5,8047.10009765625,7978.60009765625,7997.7998046875,731954200.0,0.1836342807164656
2023-02-17,8004.39990234375,8012.5,7957.7001953125,8012.5,1270492000.0,-0.10114439618381936
2023-02-20,8014.2998046875,8020.10009765625,7995.5,8004.39990234375,696068100.0,0.12360433474922185
2023-02-21,7977.7998046875,8014.39990234375,7952.5,8014.2998046875,889518400.0,-0.45647618850428684
2023-02-22,7930.60009765625,7977.7998046875,7879.0,7977.7998046875,682684900.0,-0.5933952606141928
2023-02-23,7907.7001953125,7935.60009765625,7888.89990234375,7930.60009765625,974842600.0,-0.2891714120529615
2023-02-24,7878.7001953125,7939.2001953125,7870.39990234375,7907.7001953125,879172000.0,-0.36740525900993376
2023-02-27,7935.10009765625,7950.0,7878.7001953125,7878.7001953125,755879000.0,0.7133028169659873
2023-02-28,7876.2998046875,7935.10009765625,7854.7998046875,7935.10009765625,1246757900.0,-0.7437742945105438
2023-03-01,7914.89990234375,7950.7001953125,7874.2998046875,7876.2998046875,1202133000.0,0.48888210209129446
2023-03-02,7944.0,7945.7998046875,7875.0,7914.89990234375,889732700.0,0.36698800667755904
2023-03-03,7947.10009765625,7974.39990234375,7920.10009765625,7944.0,644050800.0,0.03901677890802705
2023-03-06,7929.7998046875,7948.7001953125,7897.5,7947.10009765625,629550100.0,-0.21793045143929796
2023-03-07,7919.5,7959.7998046875,7909.7998046875,7929.7998046875,869427500.0,-0.12997174972208483
2023-03-08,7929.89990234375,7946.60009765625,7891.39990234375,7919.5,770649400.0,0.13123403914873805
2023-03-09,7880.0,7930.2998046875,7862.0,7929.89990234375,839666000.0,-0.6312509042037634
2023-03-10,7748.39990234375,7880.0,7708.2998046875,7880.0,987132200.0,-1.6841546034911676
2023-03-13,7548.60009765625,7752.39990234375,7546.0,7748.39990234375,1201999000.0,-2.6124229294871357
2023-03-14,7637.10009765625,7641.60009765625,7503.2998046875,7548.60009765625,875583300.0,1.1655834214516463
2023-03-15,7344.5,7637.39990234375,7333.39990234375,7637.10009765625,1340604500.0,-3.9066228965188583
2023-03-16,7410.0,7458.60009765625,7331.5,7344.5,1196884100.0,0.8878705518663105
2023-03-17,7335.39990234375,7510.5,7309.2998046875,7410.0,2095306400.0,-1.01185094522654
2023-03-20,7403.89990234375,7426.2001953125,7206.7998046875,7335.39990234375,1084762200.0,0.9294945361614089
2023-03-21,7536.2001953125,7557.60009765625,7403.89990234375,7403.89990234375,801743800.0,1.7711226899264532
2023-03-22,7566.7998046875,7585.60009765625,7505.5,7536.2001953125,892439300.0,0.40521288809922784
2023-03-23,7499.60009765625,7566.7998046875,7476.10009765625,7566.7998046875,1227843700.0,-0.8920532189414635
2023-03-24,7405.5,7499.60009765625,7335.7001953125,7499.60009765625,862536800.0,-1.2626731423296118
2023-03-27,7471.7998046875,7491.7001953125,7405.5,7405.5,703755400.0,0.8912940448177195
2023-03-28,7484.2998046875,7524.60009765625,7464.60009765625,7471.7998046875,1159788800.0,0.16715591948446834
2023-03-29,7564.2998046875,7566.7998046875,7484.2001953125,7484.2998046875,637649500.0,1.0632318716232374
2023-03-30,7620.39990234375,7638.5,7564.2998046875,7564.2998046875,792010000.0,0.7389063199890226
2023-03-31,7631.7001953125,7654.39990234375,7616.10009765625,7620.39990234375,816288100.0,0.14818018455297824
2023-04-03,7673.0,7698.2001953125,7631.7001953125,7631.7001953125,921588900.0,0.5397022405963948
2023-04-04,7634.5,7726.89990234375,7634.5,7673.0,791013200.0,-0.5030224554098872
2023-04-05,7662.89990234375,7678.5,7634.2998046875,7634.5,660285800.0,0.3713040798225525
2023-04-06,7741.60009765625,7742.10009765625,7654.5,7662.89990234375,589778800.0,1.0217907759419695
2023-04-11,7785.7001953125,7806.39990234375,7741.60009765625,7741.60009765625,999467200.0,0.5680345636796792
2023-04-12,7824.7998046875,7859.7001953125,7783.39990234375,7785.7001953125,797796300.0,0.5009409197572632
2023-04-13,7843.39990234375,7851.60009765625,7814.10009765625,7824.7998046875,724768300.0,0.23742493383450747
2023-04-14,7871.89990234375,7904.0,7843.39990234375,7843.39990234375,860530500.0,0.3627042639766591
2023-04-17,7879.5,7916.7001953125,7871.89990234375,7871.89990234375,665446000.0,0.09650060684332969
2023-04-18,7909.39990234375,7912.7001953125,7879.5,7879.5,531338200.0,0.37874631255136526
2023-04-19,7898.7998046875,7909.39990234375,7871.39990234375,7909.39990234375,506763800.0,-0.134108873134258
2023-04-20,7902.60009765625,7903.0,7876.39990234375,7898.7998046875,918927800.0,0.04810071342424313
2023-04-21,7914.10009765625,7936.10009765625,7886.5,7902.60009765625,631165500.0,0.14541594497542296
2023-04-24,7912.2001953125,7927.10009765625,7877.60009765625,7914.10009765625,724845900.0,-0.024009431360540186
2023-04-25,7891.10009765625,7912.5,7863.89990234375,7912.2001953125,657900800.0,-0.2670342245396732
2023-04-26,7852.60009765625,7894.0,7825.89990234375,7891.10009765625,902747300.0,-0.48908549155740905
2023-04-27,7831.60009765625,7865.7001953125,7816.7998046875,7852.60009765625,669734300.0,-0.2677855713084976
2023-04-28,7870.60009765625,7870.60009765625,7791.60009765625,7831.60009765625,945273500.0,0.4967466942336623
2023-05-02,7773.0,7898.7001953125,7773.0,7870.60009765625,1020657900.0,-1.2478120564749273
2023-05-03,7788.39990234375,7819.7001953125,7773.0,7773.0,967192800.0,0.19792444725669775
2023-05-04,7702.60009765625,7788.39990234375,7691.2998046875,7788.39990234375,776321800.0,-1.1077487840097682
2023-05-05,7778.39990234375,7781.5,7702.60009765625,7702.60009765625,608277200.0,0.9792702077959163
2023-05-09,7764.10009765625,7792.39990234375,7735.10009765625,7778.39990234375,951320100.0,-0.18400911979863863
2023-05-10,7741.2998046875,7779.0,7727.10009765625,7764.10009765625,712870600.0,-0.29409508359700104
2023-05-11,7730.60009765625,7784.2998046875,7679.60009765625,7741.2998046875,883996400.0,-0.1383115041398064
2023-05-12,7754.60009765625,7772.7998046875,7729.0,7730.60009765625,748114500.0,0.3099736382354722
2023-05-15,7777.7001953125,7794.89990234375,7754.60009765625,7754.60009765625,735218600.0,0.29744615094858523
2023-05-16,7751.10009765625,7804.89990234375,7741.2998046875,7777.7001953125,1082316100.0,-0.34259083987402783
2023-05-17,7723.2001953125,7758.2001953125,7713.0,7751.10009765625,701763700.0,-0.3605970163101752
2023-05-18,7742.2998046875,7776.60009765625,7723.2001953125,7723.2001953125,757218800.0,0.24699646419606264
2023-05-19,7756.89990234375,7790.89990234375,7742.10009765625,7742.2998046875,631941000.0,0.18839813991266233
2023-05-22,7771.0,7783.39990234375,7750.5,7756.89990234375,1205325000.0,0.18160989728624927
2023-05-23,7763.0,7800.89990234375,7747.10009765625,7771.0,698476000.0,-0.10299988035618296
2023-05-24,7627.10009765625,7763.0,7590.2001953125,7763.0,989739200.0,-1.7661150208478744
2023-05-25,7570.89990234375,7629.10009765625,7569.2001953125,7627.10009765625,725330600.0,-0.7395769374830228
2023-05-26,7627.2001953125,7643.60009765625,7556.89990234375,7570.89990234375,817609400.0,0.7408893235555344
2023-05-30,7522.10009765625,7628.10009765625,7516.5,7627.2001953125,856682400.0,-1.3875463796823297
2023-05-31,7446.10009765625,7522.10009765625,7446.10009765625,7522.10009765625,2295618500.0,-1.0154948773990062
2023-06-01,7490.2998046875,7498.60009765625,7445.2998046875,7446.10009765625,967347300.0,0.5918405551183875
2023-06-02,7607.2998046875,7614.89990234375,7490.0,7490.2998046875,638696900.0,1.5499462867345266
2023-06-05,7600.0,7654.7998046875,7594.10009765625,7607.2998046875,548992900.0,-0.09600396312199314
2023-06-06,7628.10009765625,7636.10009765625,7556.2001953125,7600.0,686044700.0,0.36905627583537937
2023-06-07,7624.2998046875,7642.39990234375,7604.39990234375,7628.10009765625,617864100.0,-0.0498320667137445
2023-06-08,7599.7001953125,7638.60009765625,7588.0,7624.2998046875,531758500.0,-0.32316908545059475
2023-06-09,7562.39990234375,7621.7001953125,7546.5,7599.7001953125,564539300.0,-0.4920211313352327
2023-06-12,7570.7001953125,7599.89990234375,7556.7998046875,7562.39990234375,542917600.0,0.1096972034484819
2023-06-13,7594.7998046875,7610.7998046875,7556.2998046875,7570.7001953125,1003241900.0,0.317821762038548
2023-06-14,7602.7001953125,7639.7998046875,7579.2998046875,7594.7998046875,698184100.0,0.10396961785388474
2023-06-15,7628.2998046875,7632.7001953125,7584.7998046875,7602.7001953125,837993200.0,0.3361517100763135
2023-06-16,7642.7001953125,7687.60009765625,7627.7998046875,7628.2998046875,2009880700.0,0.1885979293224712
2023-06-19,7588.5,7642.7001953125,7581.7998046875,7642.7001953125,439722500.0,-0.7117026025077203
2023-06-20,7569.2998046875,7607.5,7566.2998046875,7588.5,584448300.0,-0.2533376324901531
2023-06-21,7559.2001953125,7577.60009765625,7520.89990234375,7569.2998046875,611718700.0,-0.13351767690622307
2023-06-22,7502.0,7559.2001953125,7458.39990234375,7559.2001953125,677771300.0,-0.7595738664304112
2023-06-23,7461.89990234375,7502.0,7439.7001953125,7502.0,621489600.0,-0.5359591270757273
2023-06-26,7453.60009765625,7476.5,7401.2001953125,7461.89990234375,850546800.0,-0.11129101329699681
2023-06-27,7461.5,7495.89990234375,7428.10009765625,7453.60009765625,674737200.0,0.10593161334172478
2023-06-28,7500.5,7518.2998046875,7461.5,7461.5,642762300.0,0.521321859742223
2023-06-29,7471.7001953125,7505.60009765625,7460.5,7500.5,609425000.0,-0.38471086189262443
2023-06-30,7531.5,7551.60009765625,7471.7001953125,7471.7001953125,729525300.0,0.7971648792851125
2023-07-03,7527.2998046875,7561.2998046875,7513.89990234375,7531.5,533889900.0,-0.05578393332663969
2023-07-04,7519.7001953125,7547.39990234375,7518.39990234375,7527.2998046875,664948700.0,-0.10101163050679847
2023-07-05,7442.10009765625,7519.7001953125,7434.7001953125,7519.7001953125,765061200.0,-1.0373189318058906
2023-07-06,7280.5,7442.10009765625,7267.60009765625,7442.10009765625,744552600.0,-2.19535390355173
2023-07-07,7256.89990234375,7280.5,7229.60009765625,7280.5,494690600.0,-0.32468142235997577
2023-07-10,7273.7998046875,7306.10009765625,7238.7001953125,7256.89990234375,428066100.0,0.23260972017247022
2023-07-11,7282.5,7285.2998046875,7239.2001953125,7273.7998046875,790355100.0,0.11953857045054653
2023-07-12,7416.10009765625,7425.10009765625,7282.5,7282.5,994258000.0,1.8179115847473595
2023-07-13,7440.2001953125,7457.2001953125,7409.2998046875,7416.10009765625,584537900.0,0.32444307561713653
2023-07-14,7434.60009765625,7480.39990234375,7421.2998046875,7440.2001953125,620458500.0,-0.07529644513587933
2023-07-17,7406.39990234375,7437.60009765625,7395.7001953125,7434.60009765625,439714200.0,-0.38003138942569376
2023-07-18,7453.7001953125,7459.2001953125,7398.5,7406.39990234375,464666400.0,0.6366101493757096
2023-07-19,7588.2001953125,7625.10009765625,7453.7001953125,7453.7001953125,888485400.0,1.7883855267585458
2023-07-20,7646.10009765625,7661.89990234375,7585.89990234375,7588.2001953125,637548700.0,0.7601291823883052
2023-07-21,7663.7001953125,7674.2001953125,7639.5,7646.10009765625,506950300.0,0.22991946430037688
2023-07-24,7678.60009765625,7685.0,7633.2998046875,7663.7001953125,521826500.0,0.19423302560331138
2023-07-25,7691.7998046875,7702.39990234375,7676.5,7678.60009765625,444691500.0,0.17175493624129384
2023-07-26,7676.89990234375,7702.7001953125,7630.0,7691.7998046875,807357200.0,-0.19389938376104737
2023-07-27,7692.7998046875,7709.7001953125,7662.39990234375,7676.89990234375,963946300.0,0.20689939710945693
2023-07-28,7694.2998046875,7716.7998046875,7680.2001953125,7692.7998046875,713370800.0,0.019496851815239222
2023-07-31,7699.39990234375,7722.89990234375,7667.7998046875,7694.2998046875,594121300.0,0.06626214542210339
2023-08-01,7666.2998046875,7715.2001953125,7650.2001953125,7699.39990234375,557045700.0,-0.4308316508397497
2023-08-02,7561.60009765625,7666.2998046875,7522.2001953125,7666.2998046875,746909700.0,-1.3751253628405768
2023-08-03,7529.2001953125,7562.10009765625,7437.89990234375,7561.60009765625,1245242400.0,-0.4294000516655197
2023-08-04,7564.39990234375,7569.60009765625,7487.39990234375,7529.2001953125,524386200.0,0.46641981524446496
2023-08-07,7554.5,7565.0,7505.2001953125,7564.39990234375,487016200.0,-0.1309606363242473
2023-08-08,7527.39990234375,7554.5,7487.5,7554.5,862447700.0,-0.3593728508734118
2023-08-09,7587.2998046875,7600.7998046875,7527.39990234375,7527.39990234375,1098862000.0,0.7926087463826275
2023-08-10,7618.60009765625,7622.89990234375,7572.60009765625,7587.2998046875,636901200.0,0.4116867449840238
2023-08-11,7524.2001953125,7618.60009765625,7507.7998046875,7618.60009765625,494679400.0,-1.2468119953753698
2023-08-14,7507.2001953125,7530.2998046875,7476.5,7524.2001953125,1154816600.0,-0.22619325952821795
2023-08-15,7389.60009765625,7508.60009765625,7369.7001953125,7507.2001953125,463377300.0,-1.5788966542028198
2023-08-16,7356.89990234375,7398.2001953125,7338.5,7389.60009765625,687073100.0,-0.4434984424923136
2023-08-17,7310.2001953125,7357.0,7305.0,7356.89990234375,438920000.0,-0.6367975200361731
2023-08-18,7262.39990234375,7310.2001953125,7215.7998046875,7310.2001953125,571961300.0,-0.6560320613106616
2023-08-21,7257.7998046875,7316.0,7250.89990234375,7262.39990234375,469504000.0,-0.06336135732238914
2023-08-22,7270.7998046875,7310.5,7257.60009765625,7257.7998046875,747925500.0,0.17895741942077767
2023-08-23,7320.5,7348.7998046875,7270.7998046875,7270.7998046875,909639000.0,0.6812331757180876
2023-08-24,7333.60009765625,7386.10009765625,7320.5,7320.5,377395800.0,0.17879093303059565
2023-08-25,7338.60009765625,7389.39990234375,7327.0,7333.60009765625,372649700.0,0.06815610647337624
2023-08-29,7465.0,7471.10009765625,7338.60009765625,7338.60009765625,1139311100.0,1.7077328944714005
2023-08-30,7473.7001953125,7509.39990234375,7464.7001953125,7465.0,536689700.0,0.11647862507982455
2023-08-31,7439.10009765625,7500.39990234375,7439.10009765625,7473.7001953125,1143207100.0,-0.4640330328646483
2023-09-01,7464.5,7492.60009765625,7439.10009765625,7439.10009765625,683056600.0,0.3408562598202106
2023-09-04,7452.7998046875,7523.39990234375,7448.2998046875,7464.5,391662300.0,-0.15686750102167774
2023-09-05,7437.89990234375,7481.39990234375,7389.7998046875,7452.7998046875,484546800.0,-0.2001236692657492
2023-09-06,7426.10009765625,7447.89990234375,7369.60009765625,7437.89990234375,448751100.0,-0.1587702794166491
2023-09-07,7441.7001953125,7462.2001953125,7385.89990234375,7426.10009765625,456225400.0,0.20985085989515254
2023-09-08,7478.2001953125,7480.60009765625,7402.10009765625,7441.7001953125,651366100.0,0.489280382045632
2023-09-11,7496.89990234375,7549.2998046875,7467.39990234375,7478.2001953125,568717300.0,0.24974413030707812
2023-09-12,7527.5,7550.2001953125,7496.2998046875,7496.89990234375,670632100.0,0.40733926368060763
2023-09-13,7526.0,7545.2001953125,7490.39990234375,7527.5,684595300.0,-0.019928920250634925
2023-09-14,7673.10009765625,7687.0,7526.0,7526.0,746569800.0,1.935702637855697
2023-09-15,7711.39990234375,7745.7998046875,7673.10009765625,7673.10009765625,1804599000.0,0.49790222380440413
2023-09-18,7652.89990234375,7720.10009765625,7641.7998046875,7711.39990234375,463379300.0,-0.7615092577319914
2023-09-19,7660.2001953125,7682.39990234375,7642.39990234375,7652.89990234375,595546000.0,0.0953470358745854
2023-09-20,7731.7001953125,7741.89990234375,7659.60009765625,7660.2001953125,806482700.0,0.9290667492274541
2023-09-21,7678.60009765625,7746.5,7674.7001953125,7731.7001953125,1000693700.0,-0.6891534467802343
2023-09-22,7683.89990234375,7735.2001953125,7640.7998046875,7678.60009765625,989687600.0,0.06899664634987011
2023-09-25,7624.0,7684.7998046875,7580.7998046875,7683.89990234375,541205000.0,-0.7826051705342335
2023-09-26,7625.7001953125,7656.89990234375,7593.5,7624.0,546325000.0,0.022298081900232088
2023-09-27,7593.2001953125,7645.60009765625,7577.2001953125,7625.7001953125,711885200.0,-0.42710115146262184
2023-09-28,7601.89990234375,7605.60009765625,7524.10009765625,7593.2001953125,642160800.0,0.1145067544920719
2023-09-29,7608.10009765625,7674.2001953125,7601.89990234375,7601.89990234375,634751900.0,0.08152788502206963
2023-10-02,7510.7001953125,7630.39990234375,7491.2998046875,7608.10009765625,570804100.0,-1.2884785559908725
2023-10-03,7470.2001953125,7545.7001953125,7466.60009765625,7510.7001953125,540181100.0,-0.540689779792975
2023-10-04,7412.5,7490.2001953125,7384.2001953125,7470.2001953125,1085406900.0,-0.7754034369736219
2023-10-05,7451.5,7488.60009765625,7409.7001953125,7412.5,615457100.0,0.5247590082866641
2023-10-06,7494.60009765625,7496.39990234375,7423.39990234375,7451.5,613195400.0,0.5767419841286214
2023-10-09,7492.2001953125,7540.60009765625,7473.2001953125,7494.60009765625,738697000.0,-0.032026881220129096
2023-10-10,7628.2001953125,7637.39990234375,7492.2001953125,7492.2001953125,719653800.0,1.7989426755117734
2023-10-11,7620.0,7652.0,7608.7001953125,7628.2001953125,630293300.0,-0.10755624923581102
2023-10-12,7644.7998046875,7687.89990234375,7620.0,7620.0,668028900.0,0.32492829023862124
2023-10-13,7599.60009765625,7660.10009765625,7590.7001953125,7644.7998046875,567783300.0,-0.5930025422510288
2023-10-16,7630.60009765625,7651.2998046875,7584.60009765625,7599.60009765625,558336100.0,0.40708647835599293
2023-10-17,7675.2001953125,7682.60009765625,7616.7998046875,7630.60009765625,668852200.0,0.5827885250891048
2023-10-18,7588.0,7681.5,7579.2998046875,7675.2001953125,613430800.0,-1.142632514011395
2023-10-19,7499.5,7588.0,7490.5,7588.0,727252500.0,-1.1731700419490672
2023-10-20,7402.10009765625,7499.60009765625,7395.60009765625,7499.5,832451800.0,-1.3072594725324373
2023-10-23,7374.7998046875,7402.2001953125,7338.60009765625,7402.10009765625,502765900.0,-0.36950001976235236
2023-10-24,7389.7001953125,7405.2998046875,7325.0,7374.7998046875,699266600.0,0.2018408436946463
2023-10-25,7414.2998046875,7428.10009765625,7368.39990234375,7389.7001953125,681751000.0,0.3323376386995176
2023-10-26,7354.60009765625,7414.2998046875,7342.5,7414.2998046875,796762900.0,-0.8084560473784912
2023-10-27,7291.2998046875,7380.2998046875,7279.89990234375,7354.60009765625,642603800.0,-0.8644151270633943
2023-10-30,7327.39990234375,7361.5,7291.2998046875,7291.2998046875,1011063900.0,0.4938903153010471
2023-10-31,7321.7001953125,7373.5,7309.0,7327.39990234375,809030400.0,-0.07781648402796855
2023-11-01,7342.39990234375,7385.39990234375,7304.89990234375,7321.7001953125,764584800.0,0.2823183235531568
2023-11-02,7446.5,7469.7998046875,7342.39990234375,7342.39990234375,978092600.0,1.4078371985670568
2023-11-03,7417.7001953125,7482.7001953125,7396.60009765625,7446.5,750991900.0,-0.38750609312920975
2023-11-06,7417.7998046875,7448.39990234375,7403.5,7417.7001953125,781306000.0,0.0013428516059628786
2023-11-07,7410.0,7431.10009765625,7397.39990234375,7417.7998046875,592558500.0,-0.10520516205573141
2023-11-08,7401.7001953125,7442.10009765625,7384.5,7410.0,686578900.0,-0.11207093644566765
2023-11-09,7455.7001953125,7465.2998046875,7367.2001953125,7401.7001953125,657728700.0,0.7269136775157048
2023-11-10,7360.60009765625,7455.7001953125,7320.0,7455.7001953125,837842200.0,-1.2837402294066496
2023-11-13,7425.7998046875,7426.10009765625,7360.60009765625,7360.60009765625,649108100.0,0.8818932266018089
2023-11-14,7440.5,7456.60009765625,7386.7001953125,7425.7998046875,934829500.0,0.19776541973201786
2023-11-15,7486.89990234375,7533.7998046875,7440.5,7440.5,741908600.0,0.6216762743192039
2023-11-16,7411.0,7492.7998046875,7409.39990234375,7486.89990234375,798697800.0,-1.018943066193819
2023-11-17,7504.2998046875,7509.0,7410.0,7411.0,668943200.0,1.251078058686908
2023-11-20,7496.39990234375,7506.0,7472.7001953125,7504.2998046875,466773500.0,-0.10532712777898462
2023-11-21,7482.0,7496.89990234375,7446.7001953125,7496.39990234375,533104500.0,-0.19227563523467137
2023-11-22,7469.5,7504.5,7452.0,7482.0,637243500.0,-0.1672073425719512
2023-11-23,7483.60009765625,7494.7998046875,7450.60009765625,7469.5,610558000.0,0.1885910178259322
2023-11-24,7488.2001953125,7494.7001953125,7450.10009765625,7483.60009765625,530714100.0,0.06145016245193983
2023-11-27,7460.7001953125,7488.2998046875,7452.2001953125,7488.2001953125,399628100.0,-0.36792045304536686
2023-11-28,7455.2001953125,7461.10009765625,7403.2998046875,7460.7001953125,610114900.0,-0.07374680850947107
2023-11-29,7423.5,7457.5,7408.7998046875,7455.2001953125,532425900.0,-0.4261157609551989
2023-11-30,7453.7998046875,7497.7001953125,7387.10009765625,7423.5,1276856800.0,0.40732991845578187
2023-12-01,7529.39990234375,7538.7001953125,7453.7998046875,7453.7998046875,549661500.0,1.0091401129718067
2023-12-04,7513.0,7533.7998046875,7476.89990234375,7529.39990234375,851332900.0,-0.21804910051657242
2023-12-05,7489.7998046875,7513.0,7460.2001953125,7513.0,689771600.0,-0.30927845612322763
2023-12-06,7515.39990234375,7542.60009765625,7486.7998046875,7489.7998046875,1489645900.0,0.3412166848068571
2023-12-07,7513.7001953125,7523.60009765625,7480.5,7515.39990234375,811058900.0,-0.02261887973933426
2023-12-08,7554.5,7581.2998046875,7509.7998046875,7513.7001953125,863626100.0,0.5415365321292119
2023-12-11,7544.89990234375,7557.39990234375,7493.60009765625,7554.5,872408400.0,-0.12715868195952945
2023-12-12,7542.7998046875,7607.5,7542.39990234375,7544.89990234375,812300300.0,-0.027838540143187783
2023-12-13,7548.39990234375,7584.89990234375,7542.7001953125,7542.7998046875,998797500.0,0.07421673587278055
2023-12-14,7649.0,7724.7998046875,7548.39990234375,7548.39990234375,1517185300.0,1.3239313004269804
2023-12-15,7576.39990234375,7668.2001953125,7569.0,7649.0,1645000000.0,-0.9536780428811562
2023-12-18,7614.5,7630.60009765625,7557.2001953125,7576.39990234375,710048700.0,0.5016184398691124
2023-12-19,7638.0,7642.2001953125,7605.39990234375,7614.5,961867300.0,0.30814644937158675
2023-12-20,7715.7001953125,7762.89990234375,7637.89990234375,7638.0,980983700.0,1.0121450549114053
2023-12-21,7694.7001953125,7715.7001953125,7668.39990234375,7715.7001953125,603350200.0,-0.27254337936288336
2023-12-22,7697.5,7715.2001953125,7676.39990234375,7694.7001953125,329604400.0,0.036379525770869975
2023-12-27,7725.0,7759.7001953125,7697.5,7697.5,432594200.0,0.356622196729079
2023-12-28,7722.7001953125,7746.0,7708.7001953125,7725.0,327536200.0,-0.02977536688845486
2023-12-29,7733.2001953125,7746.89990234375,7719.0,7722.7001953125,235460600.0,0.1358704617647271
2024-01-02,7721.5,7764.39990234375,7689.0,7733.2001953125,678041300.0,-0.15141280516531472
2024-01-03,7682.2998046875,7744.60009765625,7650.2998046875,7721.5,857615300.0,-0.5089689613307156
2024-01-04,7723.10009765625,7728.2001953125,7678.7998046875,7682.2998046875,963235800.0,0.5296894416520813
2024-01-05,7689.60009765625,7723.10009765625,7642.89990234375,7723.10009765625,701524000.0,-0.4347071224336927
2024-01-08,7694.2001953125,7694.2001953125,7636.10009765625,7689.60009765625,1055586300.0,0.05980443981007785
2024-01-09,7684.0,7717.5,7675.10009765625,7694.2001953125,703141300.0,-0.1326578751585912
2024-01-10,7651.7998046875,7684.0,7647.39990234375,7684.0,668838800.0,-0.41993561525783724
2024-01-11,7576.60009765625,7693.89990234375,7576.60009765625,7651.7998046875,1306895000.0,-0.9876325651035707
2024-01-12,7624.89990234375,7655.2001953125,7576.60009765625,7576.60009765625,794125500.0,0.6354631743136607
2024-01-15,7594.89990234375,7637.7998046875,7578.2998046875,7624.89990234375,740769500.0,-0.3942238299856919
2024-01-16,7558.2998046875,7594.89990234375,7538.89990234375,7594.89990234375,1128049600.0,-0.483068520673746
2024-01-17,7446.2998046875,7558.2998046875,7404.10009765625,7558.2998046875,838880100.0,-1.4929032841168814
2024-01-18,7459.10009765625,7471.7001953125,7426.60009765625,7446.2998046875,883212400.0,0.1717538100189919
2024-01-19,7461.89990234375,7521.10009765625,7450.89990234375,7459.10009765625,1242202400.0,0.037528379067895405
2024-01-22,7487.7001953125,7503.60009765625,7456.0,7461.89990234375,787927500.0,0.3451639965645579
2024-01-23,7485.7001953125,7525.10009765625,7465.10009765625,7487.7001953125,1048392200.0,-0.026714039025443555
2024-01-24,7527.7001953125,7538.89990234375,7485.7001953125,7485.7001953125,869218500.0,0.5595016248403348
2024-01-25,7529.7001953125,7544.5,7507.0,7527.7001953125,735927500.0,0.026565010690790796
2024-01-26,7635.10009765625,7651.7998046875,7529.7001953125,7529.7001953125,1046240900.0,1.3900822632565488
2024-01-29,7632.7001953125,7664.89990234375,7630.7998046875,7635.10009765625,636218800.0,-0.03143743456771007
2024-01-30,7666.2998046875,7684.2001953125,7632.7001953125,7632.7001953125,748149200.0,0.43923999470882064
2024-01-31,7630.60009765625,7689.7001953125,7630.60009765625,7666.2998046875,952428700.0,-0.4667582591626763
2024-02-01,7622.2001953125,7673.7001953125,7607.89990234375,7630.60009765625,936217800.0,-0.1101424398352295
2024-02-02,7615.5,7670.89990234375,7609.2998046875,7622.2001953125,859451400.0,-0.08794234902167979
2024-02-05,7612.89990234375,7667.7998046875,7598.7001953125,7615.5,1350635500.0,-0.034148008959443386
2024-02-06,7681.0,7693.60009765625,7612.89990234375,7612.89990234375,1499137700.0,0.8905583032717758
2024-02-07,7628.7998046875,7694.89990234375,7626.2001953125,7681.0,985234500.0,-0.681921360975612
2024-02-08,7595.5,7653.39990234375,7593.60009765625,7628.7998046875,709573100.0,-0.4374566741208505
2024-02-09,7572.60009765625,7608.7001953125,7557.39990234375,7595.5,1091499500.0,-0.3019484259077529
2024-02-12,7573.7001953125,7590.5,7555.5,7572.60009765625,839183300.0,0.01452628875573628
2024-02-13,7512.2998046875,7585.2998046875,7493.0,7573.7001953125,1188999800.0,-0.8140094082315549
2024-02-14,7568.39990234375,7590.10009765625,7512.2998046875,7512.2998046875,1209576400.0,0.7440020360567351
2024-02-15,7597.5,7612.2998046875,7562.10009765625,7568.39990234375,850537300.0,0.38375742364989407
2024-02-16,7711.7001953125,7720.7001953125,7597.5,7597.5,1074369500.0,1.4919435654630706
2024-02-19,7728.5,7733.5,7692.5,7711.7001953125,619639600.0,0.21761131467944334
2024-02-20,7719.2001953125,7748.7001953125,7706.0,7728.5,889469600.0,-0.12040375840309397
2024-02-21,7662.5,7719.2001953125,7642.7998046875,7719.2001953125,1271802800.0,-0.7372455763875524
2024-02-22,7684.5,7702.89990234375,7651.7001953125,7662.5,1408725800.0,0.28670118028998337
2024-02-23,7706.2998046875,7713.39990234375,7675.2001953125,7684.5,1080901500.0,0.2832837739780399
2024-02-26,7684.2998046875,7710.7998046875,7676.7998046875,7706.2998046875,1210391900.0,-0.2858889912371133
2024-02-27,7683.0,7698.2998046875,7669.7001953125,7684.2998046875,1132154000.0,-0.01691650071410652
2024-02-28,7625.0,7693.2001953125,7620.39990234375,7683.0,1227847900.0,-0.7577773392022599
2024-02-29,7630.0,7677.7001953125,7622.89990234375,7625.0,2026489200.0,0.06555228028903975
2024-03-01,7682.5,7695.60009765625,7630.0,7630.0,1307043500.0,0.6857169726137046
2024-03-04,7640.2998046875,7682.60009765625,7623.2001953125,7682.5,1075053400.0,-0.5508171162755665
2024-03-05,7646.2001953125,7654.7998046875,7598.5,7640.2998046875,906735400.0,0.07719740840643007
2024-03-06,7679.2998046875,7701.2998046875,7639.0,7646.2001953125,1392688900.0,0.43195537947685336
2024-03-07,7692.5,7711.7998046875,7645.10009765625,7679.2998046875,1470190800.0,0.17174564754798402
2024-03-08,7659.7001953125,7693.89990234375,7646.2001953125,7692.5,927297500.0,-0.42729842206564606
2024-03-11,7669.2001953125,7669.2001953125,7612.60009765625,7659.7001953125,1203377500.0,0.12394889358239242
2024-03-12,7747.7998046875,7764.60009765625,7669.2001953125,7669.2001953125,1136566100.0,1.019657396052739
2024-03-13,7772.2001953125,7785.7001953125,7738.7001953125,7747.7998046875,1336746300.0,0.31443828259248835
2024-03-14,7743.2001953125,7778.39990234375,7719.10009765625,7772.2001953125,973121100.0,-0.3738225639193313
2024-03-15,7727.39990234375,7761.10009765625,7727.39990234375,7743.2001953125,2813498300.0,-0.20426225696031755
2024-03-18,7722.60009765625,7750.2001953125,7714.89990234375,7727.39990234375,1034442400.0,-0.06213339601185413
2024-03-19,7738.2998046875,7739.7001953125,7699.60009765625,7722.60009765625,1085005200.0,0.2030892448248972
2024-03-20,7737.39990234375,7749.39990234375,7711.5,7738.2998046875,1032409800.0,-0.011629876022416935
2024-03-21,7882.60009765625,7901.7998046875,7737.39990234375,7737.39990234375,1352537800.0,1.8592109841135134
2024-03-22,7930.89990234375,7961.39990234375,7882.2001953125,7882.60009765625,1056237300.0,0.6108698881906295
2024-03-25,7917.60009765625,7939.39990234375,7891.7001953125,7930.89990234375,1070739800.0,-0.16783680234141576
2024-03-26,7931.0,7934.39990234375,7892.10009765625,7917.60009765625,1278455500.0,0.16909891667661006
2024-03-27,7932.0,7938.10009765625,7893.0,7931.0,1017867800.0,0.012607955636689535
2024-03-28,7952.60009765625,7975.39990234375,7931.39990234375,7932.0,1051189700.0,0.2593720846397114
2024-04-02,7935.10009765625,8015.60009765625,7928.60009765625,7952.60009765625,1126449500.0,-0.22029629036580525
2024-04-03,7937.39990234375,7937.39990234375,7882.7001953125,7935.10009765625,1131676800.0,0.02897848106591409
2024-04-04,7975.89990234375,7990.39990234375,7937.39990234375,7937.39990234375,1138495500.0,0.4838729313238438
2024-04-05,7911.2001953125,7975.89990234375,7884.5,7975.89990234375,951509100.0,-0.8144981062441886
2024-04-08,7943.5,7953.2001953125,7887.89990234375,7911.2001953125,847327700.0,0.4074482516197054
2024-04-09,7934.7998046875,7962.7998046875,7917.5,7943.5,1000931200.0,-0.10958599207970689
2024-04-10,7961.2001953125,7999.7998046875,7916.5,7934.7998046875,1207706000.0,0.3321642538831696
2024-04-11,7923.7998046875,7970.10009765625,7886.89990234375,7961.2001953125,1197883800.0,-0.4708902704932872
2024-04-12,7995.60009765625,8045.0,7923.7998046875,7923.7998046875,937766700.0,0.9020538497060513
2024-04-15,7965.5,8009.5,7952.10009765625,7995.60009765625,820441500.0,-0.37716865572910235
2024-04-16,7820.39990234375,7965.5,7793.89990234375,7965.5,1058250300.0,-1.8384024373987424
2024-04-17,7848.0,7893.60009765625,7798.60009765625,7820.39990234375,939573900.0,0.3523030606236873
2024-04-18,7877.10009765625,7898.7998046875,7845.89990234375,7848.0,1222486300.0,0.3701105963553211
2024-04-19,7895.89990234375,7900.5,7809.7001953125,7877.10009765625,982567400.0,0.23837968160744175
2024-04-22,8023.89990234375,8042.7998046875,7895.89990234375,7895.89990234375,1085332800.0,1.6080950756451016
2024-04-23,8044.7998046875,8076.5,8021.7001953125,8023.89990234375,1082600700.0,0.26013198964907563
2024-04-24,8040.39990234375,8092.2001953125,8031.7998046875,8044.7998046875,1420290700.0,-0.054707464422266774
2024-04-25,8078.89990234375,8105.60009765625,8030.10009765625,8040.39990234375,1224259900.0,0.47768915122166145
2024-04-26,8139.7998046875,8146.7998046875,8078.89990234375,8078.89990234375,904872200.0,0.7509873129651295
2024-04-29,8147.0,8189.10009765625,8136.7001953125,8139.7998046875,759963000.0,0.0884175635228227
2024-04-30,8144.10009765625,8200.0,8138.10009765625,8147.0,868339500.0,-0.03560106262922648
2024-05-01,8121.2001953125,8179.0,8111.39990234375,8144.10009765625,562235500.0,-0.28158001465541777
2024-05-02,8172.2001953125,8178.7998046875,8119.89990234375,8121.2001953125,919730600.0,0.6260223812881446
2024-05-03,8213.5,8248.7001953125,8172.2001953125,8172.2001953125,658456400.0,0.5040967630577867
2024-05-07,8313.7001953125,8335.7001953125,8213.5,8213.5,1220562500.0,1.212563795892732
2024-05-08,8354.099609375,8365.2998046875,8313.7001953125,8313.7001953125,1272316300.0,0.4847609600438415
2024-05-09,8381.400390625,8396.2998046875,8349.7998046875,8354.099609375,1079046000.0,0.3262622027114473
2024-05-10,8433.7998046875,8455.7998046875,8381.400390625,8381.400390625,698222200.0,0.6232406758864771
2024-05-13,8415.0,8446.5,8409.2001953125,8433.7998046875,974791500.0,-0.22315907016930225
2024-05-14,8428.099609375,8448.7001953125,8407.0,8415.0,1160778700.0,0.1555487092050634
2024-05-15,8445.7998046875,8474.400390625,8427.900390625,8428.099609375,1112620600.0,0.20979385227109715
2024-05-16,8438.7001953125,8455.7001953125,8406.7001953125,8445.7998046875,889766900.0,-0.08409618044257992
2024-05-17,8420.2998046875,8441.7001953125,8401.400390625,8438.7001953125,1034395100.0,-0.21828575753347307
2024-05-20,8424.2001953125,8451.599609375,8418.0,8420.2998046875,739021000.0,0.04631055471767521
2024-05-21,8416.5,8424.2001953125,8379.099609375,8424.2001953125,1001396500.0,-0.09144745479477429
2024-05-22,8370.2998046875,8416.5,8343.400390625,8416.5,1286558300.0,-0.5504362058018949
2024-05-23,8339.2001953125,8385.2001953125,8332.2998046875,8370.2998046875,1229161600.0,-0.37223908896348606
2024-05-24,8317.599609375,8339.2001953125,8263.7998046875,8339.2001953125,779070900.0,-0.25936072113907244
2024-05-28,8254.2001953125,8335.5,8241.2998046875,8317.599609375,1202410100.0,-0.7651519342891066
2024-05-29,8183.10009765625,8255.400390625,8180.0,8254.2001953125,1014436000.0,-0.8651121513549064
2024-05-30,8231.099609375,8236.2998046875,8148.5,8183.10009765625,985401500.0,0.5848551790063973
2024-05-31,8275.400390625,8289.2001953125,8231.099609375,8231.099609375,2232006600.0,0.5367690015021926
2024-06-03,8262.7998046875,8371.7001953125,8258.900390625,8275.400390625,1095687900.0,-0.15238161622086444
2024-06-04,8232.0,8263.400390625,8200.2998046875,8262.7998046875,1127695300.0,-0.37344909726434455
2024-06-05,8247.0,8276.599609375,8232.0,8232.0,879057500.0,0.18204993194699304
2024-06-06,8285.2998046875,8287.099609375,8247.0,8247.0,857611200.0,0.4633338816468719
2024-06-07,8245.400390625,8297.0,8210.2001953125,8285.2998046875,779890300.0,-0.48273202069430177
2024-06-10,8228.5,8245.400390625,8183.5,8245.400390625,654032500.0,-0.20517784074435824
2024-06-11,8147.7998046875,8261.7001953125,8114.7998046875,8228.5,1117142300.0,-0.9855809862026133
2024-06-12,8215.5,8243.2001953125,8147.7998046875,8147.7998046875,1301184800.0,0.8274685718474419
2024-06-13,8163.7001953125,8215.5,8147.39990234375,8215.5,834387100.0,-0.6325092405617202
2024-06-14,8146.89990234375,8178.2001953125,8112.89990234375,8163.7001953125,805001800.0,-0.20600466947352727
2024-06-17,8142.2001953125,8187.2998046875,8120.89990234375,8146.89990234375,834637300.0,-0.05770370534259753
2024-06-18,8191.2998046875,8200.0,8142.2001953125,8142.2001953125,756939400.0,0.601215382754354
2024-06-19,8205.099609375,8212.7001953125,8164.5,8191.2998046875,697498200.0,0.16832729671170324
2024-06-20,8272.5,8272.5,8203.599609375,8205.099609375,927926100.0,0.818089626299918
2024-06-21,8237.7001953125,8282.7001953125,8188.10009765625,8272.5,1819197400.0,-0.42155583592231904
2024-06-24,8281.599609375,8307.900390625,8217.400390625,8237.7001953125,895710300.0,0.5314936822109037
2024-06-25,8247.7998046875,8294.2001953125,8245.7001953125,8281.599609375,859380400.0,-0.40896648390284385
2024-06-26,8225.2998046875,8302.0,8205.0,8247.7998046875,1093912900.0,-0.2731728032419209
2024-06-27,8179.7001953125,8232.900390625,8179.7001953125,8225.2998046875,754106600.0,-0.5559247401866929
2024-06-28,8164.10009765625,8237.400390625,8162.7001953125,8179.7001953125,819548300.0,-0.19089932713535349
2024-07-01,8166.7998046875,8225.099609375,8164.10009765625,8164.10009765625,819548300.0,0.03306256326334193
2024-07-02,8121.2001953125,8166.7998046875,8106.7998046875,8166.7998046875,757009000.0,-0.5599180808823081
2024-07-03,8171.10009765625,8178.0,8121.2001953125,8121.2001953125,859717100.0,0.6125600127555786
2024-07-04,8241.2998046875,8258.0,8171.0,8171.10009765625,559314100.0,0.8554524085320255
2024-07-05,8203.900390625,8279.7998046875,8182.7001953125,8241.2998046875,1000832900.0,-0.45483761941522255
2024-07-08,8193.5,8232.7998046875,8175.2998046875,8203.900390625,704970200.0,-0.12685415702402028
2024-07-09,8139.7998046875,8217.099609375,8132.5,8193.5,1039860100.0,-0.6575571310865306
2024-07-10,8193.5,8194.900390625,8138.2001953125,8139.7998046875,685247000.0,0.6575571310865197
2024-07-11,8223.2998046875,8231.7998046875,8190.7998046875,8193.5,582695700.0,0.3630407603405484
2024-07-12,8252.900390625,8276.2998046875,8223.2998046875,8223.2998046875,517847100.0,0.35931364554268325
2024-07-15,8183.0,8252.900390625,8174.60009765625,8252.900390625,549833100.0,-0.8505869517729395
2024-07-16,8164.89990234375,8183.0,8126.10009765625,8183.0,565898400.0,-0.22143645557398725
2024-07-17,8187.5,8204.2998046875,8132.0,8164.89990234375,746457300.0,0.27641339718655455
2024-07-18,8204.900390625,8267.7998046875,8187.5,8187.5,541507400.0,0.21229834247255006
2024-07-19,8155.7001953125,8184.2998046875,8135.10009765625,8150.10009765625,665426100.0,-0.6014491139049436
2024-07-22,8198.7998046875,8240.400390625,8155.7001953125,8155.7001953125,782317000.0,0.5270685028705537
2024-07-23,8167.39990234375,8228.099609375,8151.5,8198.7998046875,882774300.0,-0.3837169463059821
2024-07-24,8153.7001953125,8170.7001953125,8112.0,8167.39990234375,614501800.0,-0.16787728972611052
2024-07-25,8186.39990234375,8187.5,8056.0,8153.7001953125,1025703700.0,0.4002392945893721
2024-07-26,8285.7001953125,8290.2998046875,8181.2001953125,8186.39990234375,659245500.0,1.2056932062602415
2024-07-29,8292.400390625,8368.400390625,8285.7001953125,8285.7001953125,780780900.0,0.0808318859278374
2024-07-30,8274.400390625,8297.900390625,8235.599609375,8292.400390625,706783100.0,-0.21730214928890002
2024-07-31,8368.0,8399.900390625,8274.400390625,8274.400390625,839006300.0,1.1248449032250303
2024-08-01,8283.400390625,8405.2001953125,8268.099609375,8368.0,911054200.0,-1.016134803312093
2024-08-02,8174.7001953125,8283.400390625,8158.0,8283.400390625,1234144400.0,-1.320951653488223
2024-08-05,8008.2001953125,8174.7001953125,7915.89990234375,8174.7001953125,1648338500.0,-2.057800163947688
2024-08-06,8026.7001953125,8058.2998046875,7949.89990234375,8008.2001953125,1282405500.0,0.2307467805572075
2024-08-07,8166.89990234375,8177.0,8026.7001953125,8026.7001953125,816442600.0,1.7315879024761647
2024-08-08,8145.0,8166.89990234375,8064.2998046875,8166.89990234375,755462800.0,-0.2685145891412484
2024-08-09,8168.10009765625,8203.5,8144.39990234375,8145.0,873989200.0,0.28320935883405957
2024-08-12,8210.2998046875,8223.5,8168.10009765625,8168.10009765625,1655696200.0,0.5153104169569769
2024-08-13,8235.2001953125,8244.400390625,8188.0,8210.2998046875,532750100.0,0.3028233821222944
2024-08-14,8281.099609375,8288.7001953125,8230.7001953125,8235.2001953125,610726800.0,0.5558089011093783
2024-08-15,8347.400390625,8367.0,8277.099609375,8281.099609375,863763000.0,0.7974397281066711
2024-08-16,8311.400390625,8350.400390625,8292.0,8347.400390625,515420800.0,-0.4322046528194259
2024-08-19,8356.900390625,8374.0,8286.5,8311.400390625,637975500.0,0.5459478276894908
2024-08-20,8273.2998046875,8356.900390625,8270.7001953125,8356.900390625,492210300.0,-1.0054153190200983
2024-08-21,8283.400390625,8295.900390625,8263.0,8273.2998046875,825049200.0,0.12201208056442953
2024-08-22,8288.0,8318.599609375,8277.0,8283.400390625,797295800.0,0.05551262276811325
2024-08-23,8327.7998046875,8331.900390625,8288.0,8288.0,615482100.0,0.4790606684257157
2024-08-27,8345.5,8400.400390625,8327.7998046875,8327.7998046875,785508100.0,0.2123179234950877
2024-08-28,8343.900390625,8362.7001953125,8322.2998046875,8345.5,624469700.0,-0.019169165367943667
2024-08-29,8379.599609375,8392.400390625,8336.599609375,8343.900390625,613890100.0,0.42693542590090644
2024-08-30,8376.599609375,8414.400390625,8363.7001953125,8379.599609375,1081528600.0,-0.03580764340277773
2024-09-02,8363.7998046875,8380.099609375,8353.2001953125,8376.599609375,510920500.0,-0.15292116830972521
2024-09-03,8298.5,8381.0,8286.599609375,8363.7998046875,1022494600.0,-0.7838070345903383
2024-09-04,8269.599609375,8298.5,8219.2998046875,8298.5,724921200.0,-0.3488682542762571
2024-09-05,8241.7001953125,8285.599609375,8241.7001953125,8269.599609375,738779600.0,-0.337943601591965
2024-09-06,8181.5,8260.7001953125,8168.39990234375,8241.7001953125,704014000.0,-0.7331149133141077
2024-09-09,8270.7998046875,8274.7001953125,8181.5,8181.5,626820000.0,1.0855708042959555
2024-09-10,8206.0,8271.099609375,8195.099609375,8270.7998046875,815663300.0,-0.7865621909778492
2024-09-11,8193.900390625,8232.7998046875,8170.0,8206.0,867081200.0,-0.14755713488724825
2024-09-12,8241.0,8301.400390625,8193.900390625,8193.900390625,1071633400.0,0.57316731101246
2024-09-13,8273.099609375,8287.900390625,8230.7998046875,8241.0,535984000.0,0.38875446510640954
2024-09-16,8278.400390625,8290.0,8247.900390625,8273.099609375,451756300.0,0.06405197633118283
2024-09-17,8309.900390625,8351.7001953125,8278.400390625,8278.400390625,746474800.0,0.37978619121679735
2024-09-18,8253.7001953125,8310.0,8245.7001953125,8309.900390625,800042600.0,-0.6786013788357002
2024-09-19,8328.7001953125,8370.5,8253.7001953125,8253.7001953125,861254500.0,0.904579670587889
2024-09-20,8230.0,8328.7001953125,8223.7998046875,8328.7001953125,1575731600.0,-1.192139033633368
2024-09-23,8259.7001953125,8262.5,8210.099609375,8230.0,653474700.0,0.3602276218184092
2024-09-24,8282.7998046875,8309.7998046875,8259.5,8259.7001953125,1018907500.0,0.27927609960778155
2024-09-25,8268.7001953125,8319.400390625,8243.0,8282.7998046875,712916300.0,-0.1703726282881743
2024-09-26,8284.900390625,8332.900390625,8262.0,8268.7001953125,835609300.0,0.1957302328318625
2024-09-27,8320.7998046875,8334.599609375,8283.5,8284.900390625,801571600.0,0.4323752635305672
2024-09-30,8237.0,8324.599609375,8234.0,8320.7998046875,831097600.0,-1.012218062487131
2024-10-01,8276.7001953125,8291.099609375,8226.2001953125,8237.0,928541100.0,0.4808161868841233
2024-10-02,8290.900390625,8322.599609375,8267.599609375,8276.7001953125,804855900.0,0.17142130770411468
2024-10-03,8282.5,8332.7001953125,8262.0,8290.900390625,918547500.0,-0.10137197130801094
2024-10-04,8280.599609375,8300.7001953125,8234.2001953125,8282.5,721509500.0,-0.02294728255167804
2024-10-07,8303.599609375,8323.400390625,8260.099609375,8280.599609375,645451200.0,0.27737262972552507
2024-10-08,8190.60009765625,8303.599609375,8184.0,8303.599609375,754710600.0,-1.370194148583587
2024-10-09,8243.7001953125,8244.400390625,8188.7001953125,8190.60009765625,501110700.0,0.6462128778702462
2024-10-10,8237.7001953125,8272.5,8218.400390625,8243.7001953125,675185500.0,-0.07280935021119984
2024-10-11,8253.7001953125,8265.7001953125,8211.900390625,8237.7001953125,519343300.0,0.19404058650263786
2024-10-14,8292.7001953125,8292.7001953125,8237.7001953125,8253.7001953125,652695500.0,0.4714024960217011
2024-10-15,8249.2998046875,8306.2001953125,8242.0,8292.7001953125,836071600.0,-0.5247308693997063
2024-10-16,8329.099609375,8346.599609375,8249.2998046875,8249.2998046875,983516200.0,0.9627035639896593
2024-10-17,8385.099609375,8395.599609375,8322.099609375,8329.099609375,910215100.0,0.6700914451333768
2024-10-18,8358.2998046875,8385.099609375,8315.900390625,8385.099609375,790396700.0,-0.3201240908329963
2024-10-21,8318.2001953125,8391.7998046875,8318.2001953125,8358.2998046875,641070600.0,-0.480912501534812
2024-10-22,8306.5,8318.2001953125,8252.400390625,8318.2001953125,628688300.0,-0.14075679088092732
2024-10-23,8258.599609375,8323.2001953125,8252.400390625,8306.5,750920700.0,-0.5783306501425364
2024-10-24,8269.400390625,8337.7001953125,8256.7998046875,8258.599609375,1021483500.0,0.13069679074855417
2024-10-25,8248.7998046875,8278.099609375,8246.2001953125,8269.400390625,963757400.0,-0.2494290706546408
2024-10-28,8285.599609375,8293.599609375,8208.900390625,8248.7998046875,1029866000.0,0.4451309603574111
2024-10-29,8219.599609375,8325.5,8215.2998046875,8285.599609375,1071605800.0,-0.7997522587509217
2024-10-30,8159.60009765625,8219.599609375,8153.7998046875,8219.599609375,1059873900.0,-0.7326338425038237
2024-10-31,8110.10009765625,8159.60009765625,8071.7001953125,8159.60009765625,1073856200.0,-0.6084949586094976
2024-11-01,8177.2001953125,8202.599609375,8105.2998046875,8110.10009765625,865735500.0,0.8239607064883319
2024-11-04,8184.2001953125,8239.900390625,8175.7998046875,8177.2001953125,933157300.0,0.08556725292430835
2024-11-05,8172.39990234375,8215.7998046875,8148.2998046875,8184.2001953125,841056500.0,-0.14428787089674636
2024-11-06,8166.7001953125,8301.7998046875,8144.2998046875,8172.39990234375,1036073800.0,-0.06976770113873222
2024-11-07,8140.7001953125,8195.2998046875,8140.7001953125,8166.7001953125,961904700.0,-0.3188739027433521
2024-11-08,8072.39990234375,8156.5,8060.89990234375,8140.7001953125,833664800.0,-0.8425371655304825
2024-11-11,8125.2001953125,8148.2001953125,8072.39990234375,8072.39990234375,648655300.0,0.6519543595457618
2024-11-12,8025.7998046875,8125.2001953125,8018.60009765625,8125.2001953125,973035400.0,-1.2309039149878946
2024-11-13,8030.2998046875,8062.7001953125,7995.89990234375,8025.7998046875,1001024100.0,0.0560534653783286
2024-11-14,8071.2001953125,8083.10009765625,8012.7998046875,8030.2998046875,662893000.0,0.5080331471489555
2024-11-15,8063.60009765625,8091.89990234375,8030.0,8071.2001953125,740001000.0,-0.09420752758440859
2024-11-18,8109.2998046875,8109.2998046875,8054.10009765625,8063.60009765625,800777400.0,0.5651408088651702
2024-11-19,8099.0,8145.89990234375,8052.0,8109.2998046875,740741000.0,-0.1270929856681078
2024-11-20,8085.10009765625,8128.39990234375,8074.2001953125,8099.0,744104500.0,-0.17177236519301328
2024-11-21,8149.2998046875,8152.89990234375,8065.2001953125,8085.10009765625,856150000.0,0.790913641179349
2024-11-22,8262.099609375,8274.7998046875,8149.2998046875,8149.2998046875,791049500.0,1.3746735202340241
2024-11-25,8291.7001953125,8307.2998046875,8261.7998046875,8262.099609375,1952081800.0,0.3576292795093861
2024-11-26,8258.599609375,8291.7001953125,8245.7998046875,8291.7001953125,771580100.0,-0.4000003681179084
2024-11-27,8274.7998046875,8280.0,8237.7001953125,8258.599609375,658162500.0,0.19596938404963532
2024-11-28,8281.2001953125,8303.7998046875,8271.900390625,8274.7998046875,515831900.0,0.07731808339997459
2024-11-29,8287.2998046875,8292.5,8252.900390625,8281.2001953125,588369200.0,0.0736289905611394
2024-12-02,8312.900390625,8332.0,8274.7001953125,8287.2998046875,822818500.0,0.3084373192120261
2024-12-03,8359.400390625,8388.400390625,8311.900390625,8312.900390625,815525800.0,0.5578128799700657
2024-12-04,8335.7998046875,8362.7998046875,8322.7998046875,8359.400390625,760035100.0,-0.28272319447303607
2024-12-05,8349.400390625,8350.7001953125,8321.599609375,8335.7998046875,855079400.0,0.16302578081809752
2024-12-06,8308.599609375,8357.599609375,8303.5,8349.400390625,1058504800.0,-0.4898650839306212
2024-12-09,8352.099609375,8372.099609375,8308.599609375,8308.599609375,731046000.0,0.5221881539961953
2024-12-10,8280.400390625,8352.099609375,8274.5,8352.099609375,605634700.0,-0.8621633895292047
2024-12-11,8301.599609375,8318.900390625,8248.400390625,8280.400390625,1274444500.0,0.2556896671034405
2024-12-12,8311.7998046875,8331.099609375,8300.2001953125,8301.599609375,584951900.0,0.12279481567835179
2024-12-13,8300.2998046875,8331.900390625,8282.400390625,8311.7998046875,653230000.0,-0.13845332146419784
2024-12-16,8262.099609375,8305.2001953125,8254.099609375,8300.2998046875,621726000.0,-0.4612889967833327
2024-12-17,8195.2001953125,8262.099609375,8190.2001953125,8262.099609375,1176055700.0,-0.8130104373439235
2024-12-18,8199.099609375,8231.7998046875,8191.60009765625,8195.2001953125,836400800.0,0.04757036509628826
2024-12-19,8105.2998046875,8199.099609375,8079.0,8199.099609375,802810600.0,-1.1506199912063877
2024-12-20,8084.60009765625,8105.7998046875,8002.2998046875,8105.2998046875,1608807700.0,-0.255711504523716
2024-12-23,8102.7001953125,8111.39990234375,8051.89990234375,8084.60009765625,573891100.0,0.22363340238536378
2024-12-24,8137.0,8152.0,8102.7001953125,8102.7001953125,243246600.0,0.42241981413877083
2024-12-27,8149.7998046875,8151.2998046875,8112.2998046875,8137.0,356239100.0,0.15718013945305287
2024-12-30,8121.0,8149.7998046875,8094.89990234375,8149.7998046875,325039700.0,-0.35400638087768665
2024-12-31,8173.0,8180.39990234375,8096.7001953125,8121.0,203355200.0,0.6382739233718865
2025-01-02,8260.099609375,8270.599609375,8160.60009765625,8173.0,422219900.0,1.0600608172549941
2025-01-03,8224.0,8269.0,8219.7001953125,8260.099609375,742503900.0,-0.4379937993733367
2025-01-06,8249.7001953125,8249.7001953125,8197.5,8224.0,766244700.0,0.31201510113467296
2025-01-07,8245.2998046875,8251.7998046875,8190.5,8249.7001953125,741506800.0,-0.05335423739784542
2025-01-08,8251.0,8267.400390625,8189.5,8245.2998046875,899645300.0,0.06910877720286883
2025-01-09,8319.7001953125,8322.599609375,8243.2001953125,8251.0,837818000.0,0.8291814844415428
2025-01-10,8248.5,8326.2998046875,8247.599609375,8319.7001953125,912377200.0,-0.8594854332779626
2025-01-13,8224.2001953125,8254.0,8192.2998046875,8248.5,896847800.0,-0.2950314402078401
2025-01-14,8201.5,8244.2998046875,8193.5,8224.2001953125,955210200.0,-0.27639868613602475
2025-01-15,8301.099609375,8307.599609375,8199.599609375,8201.5,1038434200.0,1.2070924714272633
2025-01-16,8391.900390625,8391.900390625,8301.099609375,8301.099609375,801801600.0,1.0879012375601733
2025-01-17,8505.2001953125,8533.400390625,8391.7998046875,8391.900390625,1066188700.0,1.3410762654024149
2025-01-20,8520.5,8548.599609375,8501.7998046875,8505.2001953125,731489400.0,0.17972604510086562
2025-01-21,8548.2998046875,8550.400390625,8513.400390625,8520.5,793665300.0,0.32573853565050354
2025-01-22,8545.099609375,8584.7001953125,8527.7998046875,8548.2998046875,993162800.0,-0.03744363859252768
2025-01-23,8565.2001953125,8572.5,8532.099609375,8545.099609375,1052013500.0,0.23495316170629243
2025-01-24,8502.400390625,8586.7001953125,8492.7001953125,8565.2001953125,699240800.0,-0.7358982626686419
2025-01-27,8503.7001953125,8514.2001953125,8462.2001953125,8502.400390625,684095200.0,0.015286334259440227
2025-01-28,8533.900390625,8573.0,8503.599609375,8503.7001953125,762856300.0,0.35451267670753084
2025-01-29,8557.7998046875,8584.099609375,8518.2998046875,8533.900390625,769283700.0,0.27966123166116147
2025-01-30,8646.900390625,8655.2001953125,8547.900390625,8557.7998046875,641234300.0,1.0357795429500332
2025-01-31,8674.0,8692.7998046875,8646.900390625,8646.900390625,1136186800.0,0.31291250311262875
2025-02-03,8583.599609375,8674.0,8520.2001953125,8674.0,776851300.0,-1.0476685001269055
2025-02-04,8570.7998046875,8583.599609375,8524.7001953125,8583.599609375,1132804200.0,-0.1492306055601492
2025-02-05,8623.2998046875,8623.2998046875,8550.2001953125,8570.7998046875,794984000.0,0.6106765035408734
2025-02-06,8727.2998046875,8767.5,8623.2998046875,8623.2998046875,776192500.0,1.1988201893382608
2025-02-07,8700.5,8728.900390625,8685.7998046875,8727.2998046875,993507700.0,-0.3075526011599234
2025-02-10,8767.7998046875,8785.900390625,8694.599609375,8700.5,835975800.0,0.7705402176915758
2025-02-11,8777.400390625,8789.599609375,8750.5,8767.7998046875,900729100.0,0.10943832830431403
2025-02-12,8807.400390625,8810.599609375,8759.400390625,8777.400390625,853097300.0,0.3412040827558143
2025-02-13,8764.7001953125,8820.900390625,8729.599609375,8807.400390625,873981500.0,-0.4860008528943683
2025-02-14,8732.5,8767.7001953125,8717.5,8764.7001953125,900486200.0,-0.3680615333219531
2025-02-17,8768.0,8769.099609375,8725.2998046875,8732.5,628962700.0,0.4057032506809775
2025-02-18,8766.7001953125,8787.7001953125,8757.7998046875,8768.0,681039100.0,-0.01482551370029089
2025-02-19,8712.5,8771.2001953125,8696.900390625,8766.7001953125,763343900.0,-0.6201698982014562
2025-02-20,8663.0,8712.7001953125,8650.7998046875,8712.5,1295365000.0,-0.5697693178639079
2025-02-21,8659.400390625,8684.7998046875,8638.599609375,8663.0,987174200.0,-0.0415601688638966
2025-02-24,8659.0,8688.2998046875,8614.099609375,8659.400390625,793153400.0,-0.0046238753700159
2025-02-25,8668.7001953125,8712.2001953125,8628.099609375,8659.0,918642700.0,0.11196172852095392
2025-02-26,8731.5,8738.2998046875,8668.7001953125,8668.7001953125,983507000.0,0.7218316646889189
2025-02-27,8756.2001953125,8768.099609375,8680.599609375,8731.5,1169088400.0,0.282486678774224
2025-02-28,8809.7001953125,8810.5,8715.400390625,8756.2001953125,2236877400.0,0.6091366139564025
2025-03-03,8871.2998046875,8908.7998046875,8809.7001953125,8809.7001953125,1257576300.0,0.6967915684185473
2025-03-04,8759.0,8873.7001953125,8746.0,8871.2998046875,1075235300.0,-1.2739581828302555
2025-03-05,8755.7998046875,8835.7001953125,8752.5,8759.0,1274923200.0,-0.036542756797662106
2025-03-06,8682.7998046875,8778.2001953125,8645.7998046875,8755.7998046875,1027583200.0,-0.8372280807689311
2025-03-07,8679.900390625,8701.2998046875,8627.2998046875,8682.7998046875,916305900.0,-0.03339819333209153
2025-03-10,8600.2001953125,8700.7998046875,8591.599609375,8679.900390625,1518951000.0,-0.9224571358734369
2025-03-11,8496.0,8603.900390625,8481.099609375,8600.2001953125,1065664100.0,-1.2190017013647723
2025-03-12,8541.0,8565.5,8496.0,8496.0,974845500.0,0.5282632464427218
2025-03-13,8542.599609375,8581.599609375,8513.7001953125,8541.0,772709400.0,0.018726842307828923
2025-03-14,8632.2998046875,8642.7998046875,8538.099609375,8542.599609375,770290500.0,1.0445593741271073
2025-03-17,8680.2998046875,8688.400390625,8625.0,8632.2998046875,845612500.0,0.5545108657958548
2025-03-18,8705.2001953125,8727.0,8680.2998046875,8680.2998046875,1112954700.0,0.2864502907758984
2025-03-19,8706.7001953125,8718.7001953125,8662.599609375,8705.2001953125,824383600.0,0.017229595507191324
2025-03-20,8702.0,8742.7998046875,8665.2998046875,8706.7001953125,918761900.0,-0.05399823506608266
2025-03-21,8646.7998046875,8702.0,8616.0,8702.0,1930845700.0,-0.6363596584563899
2025-03-24,8638.0,8695.599609375,8616.400390625,8646.7998046875,617343400.0,-0.10182131754150575
2025-03-25,8663.7998046875,8717.0,8638.0,8638.0,1090882500.0,0.2982328324371105
2025-03-26,8689.599609375,8714.7998046875,8656.400390625,8663.7998046875,704514600.0,0.2973460482399761
2025-03-27,8666.099609375,8689.7001953125,8611.400390625,8689.599609375,702932000.0,-0.2708045820023337
2025-03-28,8658.900390625,8694.2001953125,8636.900390625,8666.099609375,747545800.0,-0.08310786914135711
2025-03-31,8582.7998046875,8658.900390625,8531.0,8658.900390625,925075000.0,-0.8827561001323031
2025-04-01,8634.7998046875,8671.900390625,8581.900390625,8582.7998046875,682410100.0,0.6040349326837513
2025-04-02,8608.5,8634.7998046875,8548.2998046875,8634.7998046875,601417800.0,-0.3050439924968017
2025-04-03,8474.7001953125,8608.5,8453.2001953125,8608.5,1403210800.0,-1.5664809777958362
2025-04-04,8055.0,8474.7001953125,8023.5,8474.7001953125,1572146400.0,-5.079226082749389
2025-04-07,7702.10009765625,8055.0,7544.7998046875,8055.0,2001791200.0,-4.479998500072265
2025-04-08,7910.5,7984.2001953125,7702.10009765625,7702.10009765625,1346508600.0,2.6697959278766374
2025-04-09,7679.5,7910.5,7599.60009765625,7910.5,1348496400.0,-2.963655003343561
2025-04-10,7913.2998046875,8166.5,7679.5,7679.5,1430098700.0,2.999042264952988
2025-04-11,7964.2001953125,8000.7998046875,7862.7001953125,7913.2998046875,1328746600.0,0.6411659895892536
2025-04-14,8134.2998046875,8160.2001953125,7964.2001953125,7964.2001953125,712694800.0,2.1133141597722265
2025-04-15,8249.099609375,8257.7998046875,8134.0,8134.2998046875,830488500.0,1.4014391116310376
2025-04-16,8275.599609375,8281.099609375,8177.0,8249.099609375,804660100.0,0.32073228524335157
2025-04-17,8275.7001953125,8295.099609375,8195.7001953125,8275.599609375,735769800.0,0.0012154445715900804
2025-04-22,8328.599609375,8337.7001953125,8262.5,8275.7001953125,1042190300.0,0.6371794494189986
2025-04-23,8403.2001953125,8467.7998046875,8328.2998046875,8328.599609375,1043916400.0,0.891728100357842
2025-04-24,8407.400390625,8415.099609375,8361.7998046875,8403.2001953125,1126605500.0,0.04997079525422937
2025-04-25,8415.2998046875,8442.7001953125,8397.099609375,8407.400390625,802734000.0,0.09391375405113836
2025-04-28,8417.2998046875,8452.599609375,8415.2001953125,8415.2998046875,738741700.0,0.023763412138640198
2025-04-29,8463.5,8470.400390625,8404.099609375,8417.2998046875,655924800.0,0.5473711103655963
2025-04-30,8494.900390625,8494.900390625,8430.5,8463.5,1589592400.0,0.37032297606949666
2025-05-01,8496.7998046875,8505.2998046875,8468.2998046875,8494.900390625,527568800.0,0.02235696308879447
2025-05-02,8596.400390625,8622.099609375,8496.7998046875,8496.7998046875,908575200.0,1.165395737084858
2025-05-06,8597.400390625,8641.7001953125,8569.099609375,8596.400390625,980036200.0,0.011632099427588612
2025-05-07,8559.2998046875,8600.0,8533.599609375,8597.400390625,1265512400.0,-0.4441489113567799
2025-05-08,8531.599609375,8607.7001953125,8514.0,8559.2998046875,894696500.0,-0.3241516891092312
2025-05-09,8554.7998046875,8581.5,8531.599609375,8531.599609375,697106500.0,0.27156346996341146
2025-05-12,8605.0,8646.2998046875,8546.2998046875,8554.7998046875,804071800.0,0.585092356480697
2025-05-13,8602.900390625,8623.7998046875,8583.900390625,8605.0,694005000.0,-0.024402853779451412
2025-05-14,8585.0,8616.099609375,8558.2001953125,8602.900390625,857059700.0,-0.20829067762693412
2025-05-15,8633.7998046875,8634.599609375,8531.099609375,8585.0,1229933100.0,0.5668215659282807
2025-05-16,8684.599609375,8697.0,8633.599609375,8633.7998046875,950109800.0,0.5866587225559351
2025-05-19,8699.2998046875,8699.2998046875,8613.5,8684.599609375,890111700.0,0.16912429675617996
2025-05-20,8781.099609375,8789.400390625,8698.099609375,8699.2998046875,950651400.0,0.9359099850999567
2025-05-21,8786.5,8798.5,8762.0,8781.099609375,923718700.0,0.061481259992143884
2025-05-22,8739.2998046875,8786.5,8689.400390625,8786.5,815431200.0,-0.5386380074756725
2025-05-23,8718.0,8779.400390625,8604.7998046875,8739.2998046875,1051526200.0,-0.24402187618061777
2025-05-27,8778.099609375,8824.0,8718.0,8718.0,840001900.0,0.6870085001657276
2025-05-28,8726.0,8799.7998046875,8726.0,8778.099609375,816619700.0,-0.5952864116440284
2025-05-29,8716.5,8776.2998046875,8709.099609375,8726.0,973200900.0,-0.10892935002849398
2025-05-30,8772.400390625,8790.5,8715.599609375,8716.5,1740609200.0,0.6392692478942207
2025-06-02,8774.2998046875,8792.099609375,8730.599609375,8772.400390625,669303400.0,0.021649815051001286
2025-06-03,8787.0,8801.5,8738.5,8774.2998046875,690088000.0,0.14463846831209018
2025-06-04,8801.2998046875,8821.400390625,8780.400390625,8787.0,741650200.0,0.16260591412586572
2025-06-05,8811.0,8838.7998046875,8782.099609375,8801.2998046875,722917300.0,0.11015252296279669
2025-06-06,8837.900390625,8851.400390625,8805.599609375,8811.0,718102200.0,0.3048395181691165
2025-06-09,8832.2998046875,8850.900390625,8812.099609375,8837.900390625,573091300.0,-0.06339018305549653
2025-06-10,8853.099609375,8886.099609375,8832.2998046875,8832.2998046875,734467300.0,0.23522018124339206
2025-06-11,8864.400390625,8885.400390625,8847.2998046875,8853.099609375,805983200.0,0.12756633591076977
2025-06-12,8884.900390625,8896.900390625,8843.599609375,8864.400390625,767509300.0,0.23099511770183437
2025-06-13,8850.599609375,8898.599609375,8822.2001953125,8884.900390625,711772600.0,-0.38680413877946496
2025-06-16,8875.2001953125,8902.400390625,8850.599609375,8850.599609375,842787400.0,0.2775683128884529
2025-06-17,8834.0,8875.2001953125,8809.900390625,8875.2001953125,851103300.0,-0.4652979151044418
2025-06-18,8843.5,8858.599609375,8820.400390625,8834.0,657935000.0,0.10748127183765536
2025-06-19,8791.7998046875,8844.099609375,8788.7998046875,8843.5,481335200.0,-0.5863279218117033
2025-06-20,8774.7001953125,8847.2998046875,8772.2998046875,8791.7998046875,1831139500.0,-0.19468436826814536
2025-06-23,8758.0,8787.099609375,8741.400390625,8774.7001953125,611232900.0,-0.19050346127061946
2025-06-24,8759.0,8831.900390625,8758.0,8758.0,1063635300.0,0.011417480174537864
2025-06-25,8718.7998046875,8792.400390625,8716.2001953125,8759.0,699302400.0,-0.4600151810036922
2025-06-26,8735.599609375,8757.099609375,8707.7001953125,8718.7998046875,768435000.0,0.19249943211163803
2025-06-27,8798.900390625,8798.900390625,8735.599609375,8735.599609375,711522100.0,0.7220172373731183
2025-06-30,8761.0,8818.400390625,8761.0,8798.900390625,713304300.0,-0.43167043815357764
2025-07-01,8785.2998046875,8790.7998046875,8726.900390625,8761.0,766020100.0,0.2769794257840633
2025-07-02,8774.7001953125,8828.2001953125,8739.0,8785.2998046875,1097788200.0,-0.12072449501547085
2025-07-03,8823.2001953125,8837.7998046875,8774.7001953125,8774.7001953125,651280900.0,0.5512035154130196
2025-07-04,8822.900390625,8830.900390625,8782.099609375,8823.2001953125,444807000.0,-0.0033979709689249643
2025-07-07,8806.5,8836.900390625,8798.7001953125,8822.900390625,580213300.0,-0.1860573246140388
2025-07-08,8854.2001953125,8854.2001953125,8803.2998046875,8806.5,698144300.0,0.5401859583848739
2025-07-09,8867.0,8887.7001953125,8854.2001953125,8854.2001953125,707584400.0,0.1444575623807994
2025-07-10,8975.7001953125,8979.400390625,8867.0,8867.0,750104900.0,1.2184427124175559
2025-07-11,8941.099609375,8984.099609375,8918.5,8975.7001953125,685521300.0,-0.3862367088835174
2025-07-14,8998.099609375,8999.2001953125,8931.099609375,8941.099609375,514090200.0,0.635482009286705
2025-07-15,8938.2998046875,9017.0,8938.2998046875,8998.099609375,688056100.0,-0.6668007873456909
2025-07-16,8926.599609375,8972.2998046875,8926.599609375,8938.2998046875,633643300.0,-0.13098531051499462
2025-07-17,8972.599609375,8982.7998046875,8926.599609375,8926.599609375,566360500.0,0.5139906060512586
2025-07-18,8992.099609375,9016.400390625,8969.099609375,8972.599609375,678409600.0,0.21709250370454944
2025-07-21,9013.0,9013.0,8975.2001953125,8992.099609375,770772700.0,0.2321608929244088
2025-07-22,9023.7998046875,9035.400390625,8995.099609375,9013.0,637414800.0,0.11975301711049664
2025-07-23,9061.5,9080.099609375,9023.2998046875,9023.7998046875,716780800.0,0.4169159519390883
2025-07-24,9138.400390625,9158.2001953125,9060.7001953125,9061.5,800722200.0,0.8450688918278567
2025-07-25,9120.2998046875,9145.0,9094.7001953125,9138.400390625,1064163700.0,-0.19826813161250992
2025-07-28,9081.400390625,9169.0,9058.400390625,9120.2998046875,543629900.0,-0.42742681032411245
2025-07-29,9136.2998046875,9163.2001953125,9076.400390625,9081.400390625,717674800.0,0.6027059361055908
2025-07-30,9136.900390625,9146.7998046875,9091.5,9136.2998046875,774736700.0,0.006573407299172326
2025-07-31,9132.7998046875,9190.7001953125,9115.7998046875,9136.900390625,926035400.0,-0.04488947232324608
2025-08-01,9068.599609375,9132.7998046875,9027.900390625,9132.7998046875,750993500.0,-0.7054453352406193
2025-08-04,9128.2998046875,9129.099609375,9068.099609375,9068.599609375,1259903600.0,0.6561602408339529
2025-08-05,9142.7001953125,9178.0,9126.599609375,9128.2998046875,815463500.0,0.1576311488893835
2025-08-06,9164.2998046875,9184.2001953125,9142.7001953125,9142.7001953125,902688800.0,0.2359711519926377
2025-08-07,9100.7998046875,9164.2998046875,9084.5,9164.2998046875,857875100.0,-0.6953179253600236
2025-08-08,9095.7001953125,9127.099609375,9079.900390625,9100.7998046875,874135800.0,-0.056050443860196156
2025-08-11,9129.7001953125,9137.7001953125,9093.2001953125,9095.7001953125,574794700.0,0.3731060905503146
2025-08-12,9147.7998046875,9165.0,9119.400390625,9129.7001953125,620578300.0,0.19805351159992926
2025-08-13,9165.2001953125,9182.7001953125,9142.400390625,9147.7998046875,668377900.0,0.19003326447278465
2025-08-14,9177.2001953125,9177.2001953125,9133.7001953125,9165.2001953125,558589800.0,0.1308443982954329
2025-08-15,9138.900390625,9222.099609375,9129.5,9177.2001953125,637843000.0,-0.4182097639130172
2025-08-18,9157.7001953125,9165.7001953125,9126.900390625,9138.900390625,904487300.0,0.20550059247607452
2025-08-19,9189.2001953125,9197.099609375,9154.7998046875,9157.7001953125,638477900.0,0.34338259085863637
2025-08-20,9288.099609375,9301.2001953125,9166.7998046875,9189.2001953125,738157900.0,1.0705066171212743
2025-08-21,9309.2001953125,9309.2001953125,9257.5,9288.099609375,471872700.0,0.22692106072997367
2025-08-22,9321.400390625,9357.5,9285.599609375,9309.2001953125,503779500.0,0.1309694445988385
2025-08-26,9265.7998046875,9325.900390625,9249.599609375,9321.400390625,1238002200.0,-0.5982692518937094
2025-08-27,9255.5,9301.900390625,9230.599609375,9265.7998046875,580184000.0,-0.11122119784103954
2025-08-28,9216.7998046875,9270.0,9207.400390625,9255.5,545856600.0,-0.41900848668193597
2025-08-29,9187.2998046875,9223.099609375,9179.2001953125,9216.7998046875,786259500.0,-0.3205810215219523
2025-09-01,9196.2998046875,9226.599609375,9179.7998046875,9187.2998046875,432004700.0,0.09791336746082671
2025-09-02,9116.7001953125,9196.5,9108.2001953125,9196.2998046875,704169000.0,-0.869329008625004
2025-09-03,9178.0,9179.599609375,9107.400390625,9116.7001953125,705659700.0,0.6701398048719797
2025-09-04,9216.900390625,9231.400390625,9155.5,9178.0,487597700.0,0.42294818442179655
2025-09-05,9208.2001953125,9253.5,9197.599609375,9216.900390625,524336500.0,-0.09443851791783592
2025-09-08,9221.400390625,9234.900390625,9190.599609375,9208.2001953125,478762300.0,0.1432499582206584
2025-09-09,9242.5,9254.2998046875,9221.400390625,9221.400390625,679753900.0,0.22854996087621707
2025-09-10,9225.400390625,9290.599609375,9222.400390625,9242.5,1101672800.0,-0.18518200661545314
2025-09-11,9297.599609375,9297.599609375,9225.400390625,9225.400390625,628343100.0,0.7795668562677543
2025-09-12,9283.2998046875,9340.7001953125,9283.2998046875,9297.599609375,640038400.0,-0.15391943298330615
2025-09-15,9277.0,9314.400390625,9262.7001953125,9283.2998046875,896734100.0,-0.0678847324205359
2025-09-16,9195.7001953125,9282.099609375,9195.7001953125,9277.0,1160022600.0,-0.880221394230336
2025-09-17,9208.400390625,9245.7001953125,9195.7001953125,9195.7001953125,550017700.0,0.13801486542797728
2025-09-18,9228.099609375,9245.2001953125,9208.2998046875,9208.400390625,641326900.0,0.21369811240401193
2025-09-19,9216.7001953125,9251.0,9207.7001953125,9228.099609375,1741545500.0,-0.12360573857759401
2025-09-22,9226.7001953125,9234.599609375,9194.2998046875,9216.7001953125,608280800.0,0.10843988384070442
2025-09-23,9223.2998046875,9266.900390625,9223.2998046875,9226.7001953125,690489000.0,-0.03686060339838092
2025-09-24,9250.400390625,9266.400390625,9177.099609375,9223.2998046875,631425700.0,0.2933966134719818
2025-09-25,9214.0,9251.2001953125,9203.2001953125,9250.400390625,652023200.0,-0.3942769546792539
2025-09-26,9284.7998046875,9292.099609375,9208.5,9214.0,687681900.0,0.7654566904756183
2025-09-29,9299.7998046875,9354.599609375,9284.7998046875,9284.7998046875,546230500.0,0.1614240131344855
2025-09-30,9350.400390625,9363.599609375,9266.2998046875,9299.7998046875,770556700.0,0.5426291360649195
2025-10-01,9446.400390625,9457.900390625,9347.599609375,9350.5,853312200.0,1.0214592985162627
2025-10-02,9427.7001953125,9475.099609375,9417.599609375,9446.400390625,650916500.0,-0.19815727214568019
2025-10-03,9491.2998046875,9494.599609375,9425.0,9427.7001953125,596685900.0,0.6723383789202783
2025-10-06,9479.099609375,9516.7998046875,9465.400390625,9491.2001953125,608049100.0,-0.12862351211706124
2025-10-07,9483.599609375,9507.099609375,9473.099609375,9479.099609375,647484600.0,0.047461598505166076
2025-10-08,9548.900390625,9577.099609375,9483.599609375,9483.599609375,800211500.0,0.6862055693053583
2025-10-09,9509.400390625,9565.5,9501.099609375,9548.900390625,963047900.0,-0.4145181358245902
2025-10-10,9427.5,9520.0,9414.599609375,9509.400390625,633596500.0,-0.8649874011697524
2025-10-13,9442.900390625,9459.900390625,9409.7001953125,9427.5,866346000.0,0.1632227586623193
2025-10-14,9452.7998046875,9454.2998046875,9384.2001953125,9442.900390625,715453800.0,0.10477955160031162
2025-10-15,9424.7998046875,9474.2998046875,9395.099609375,9452.7998046875,610965100.0,-0.29664810264804964
2025-10-16,9436.099609375,9436.099609375,9389.7001953125,9424.7998046875,451574500.0,0.11982255767764183
2025-10-17,9354.599609375,9436.099609375,9276.900390625,9436.099609375,751531100.0,-0.8674558632405537
2025-10-20,9403.599609375,9416.400390625,9354.5,9354.5,612224700.0,0.5224393970895023
2025-10-21,9427.0,9441.2001953125,9403.5,9403.599609375,612553400.0,0.24853592722264
2025-10-22,9515.0,9545.2001953125,9427.099609375,9427.099609375,1047120500.0,0.9291588334099639
2025-10-23,9578.599609375,9594.7998046875,9505.7001953125,9515.0,814894500.0,0.6661901987420425
2025-10-24,9645.599609375,9645.599609375,9560.5,9578.599609375,779192300.0,0.6970409587689961
2025-10-27,9653.7998046875,9672.7001953125,9632.7998046875,9645.599609375,729163900.0,0.08497876674855422
2025-10-28,9696.7001953125,9727.099609375,9645.400390625,9653.7998046875,708743000.0,0.44340415919699877
2025-10-29,9756.099609375,9787.599609375,9696.7998046875,9696.7998046875,752470200.0,0.6107048781910909
2025-10-30,9760.099609375,9763.400390625,9690.0,9756.099609375,893377000.0,0.04099158869178772
2025-10-31,9717.2998046875,9761.7998046875,9697.0,9760.099609375,596284500.0,-0.4394824243792521
2025-11-03,9701.400390625,9745.599609375,9695.900390625,9717.2998046875,848988200.0,-0.16375367512218242
2025-11-04,9715.0,9715.0,9574.2001953125,9701.400390625,1023130000.0,0.14008375729102768
2025-11-05,9777.099609375,9786.7998046875,9680.5,9715.0,862811200.0,0.6371793775094988
2025-11-06,9735.7998046875,9786.099609375,9723.900390625,9777.099609375,938291200.0,-0.4233083508710888
2025-11-07,9682.599609375,9735.7998046875,9639.0,9735.7998046875,747990900.0,-0.5479373174157
2025-11-10,9787.2001953125,9800.400390625,9682.599609375,9682.599609375,761287500.0,1.0745009540444521
2025-11-11,9899.599609375,9912.900390625,9787.2001953125,9787.2001953125,924385900.0,1.141888336313427
2025-11-12,9911.400390625,9930.099609375,9878.2998046875,9899.599609375,814638100.0,0.1191336393490564
2025-11-13,9807.7001953125,9913.2001953125,9804.7998046875,9911.400390625,626791500.0,-1.051783785413778
2025-11-14,9698.400390625,9807.7001953125,9610.5,9807.7001953125,715744700.0,-1.1206847637063861
2025-11-17,9675.400390625,9707.7001953125,9667.900390625,9698.400390625,812453900.0,-0.23743416240207282
2025-11-18,9552.2998046875,9675.599609375,9511.7001953125,9675.400390625,804147700.0,-1.2804679357892228
2025-11-19,9507.400390625,9568.5,9507.400390625,9552.2998046875,866995100.0,-0.47114589063016726
2025-11-20,9527.7001953125,9593.7998046875,9507.400390625,9507.400390625,808216600.0,0.21328820713590055
2025-11-21,9539.7001953125,9541.2001953125,9423.900390625,9527.7001953125,805279800.0,0.1258692987871355
2025-11-24,9534.900390625,9592.599609375,9524.7001953125,9539.7001953125,1668886000.0,-0.050326661019008505
2025-11-25,9609.5,9615.599609375,9521.5,9534.900390625,785920000.0,0.7793400203998546
2025-11-26,9691.599609375,9704.2998046875,9593.2998046875,9609.599609375,1115421300.0,0.8507298153291244
2025-11-27,9693.900390625,9699.7998046875,9658.900390625,9691.599609375,768475200.0,0.023737136115177797
2025-11-28,9720.5,9740.2001953125,9694.0,9694.0,537586900.0,0.2740195471792062
2025-12-01,9702.5,9735.400390625,9686.900390625,9720.599609375,823282000.0,-0.18534732176331137
2025-12-02,9701.7998046875,9744.7998046875,9682.2998046875,9702.5,654140300.0,-0.007216908827954059
2025-12-03,9692.099609375,9711.2998046875,9677.7001953125,9701.7998046875,750194100.0,-0.10003347871710425
2025-12-04,9710.900390625,9727.599609375,9674.7998046875,9692.099609375,899242300.0,0.1937925798479516
2025-12-05,9667.0,9738.2998046875,9667.0,9710.900390625,592674800.0,-0.4530982701484941
2025-12-08,9645.099609375,9692.400390625,9629.2001953125,9667.099609375,777520000.0,-0.22680496120085458
2025-12-09,9642.0,9673.2001953125,9630.900390625,9645.099609375,787104800.0,-0.032141788702931995
2025-12-10,9655.5,9689.5,9622.7001953125,9642.0,932473800.0,0.1399145195212579
2025-12-11,9703.2001953125,9715.2998046875,9635.2998046875,9655.599609375,637684000.0,0.492804696255916
2025-12-12,9649.0,9761.5,9639.2998046875,9703.2001953125,601108600.0,-0.5601465102955724
2025-12-15,9751.2998046875,9769.0,9649.0,9649.0,656861100.0,1.0546306387362587
2025-12-16,9684.7998046875,9764.7998046875,9655.7001953125,9751.2998046875,760319300.0,-0.6842963437234904
2025-12-17,9774.2998046875,9853.099609375,9684.7998046875,9684.7998046875,842799500.0,0.9198846083400323
2025-12-18,9837.7998046875,9845.099609375,9748.2998046875,9774.2998046875,702927400.0,0.6475616906228698
2025-12-19,9897.400390625,9903.099609375,9819.400390625,9837.7998046875,1611302500.0,0.6040046875033606
2025-12-22,9866.0,9898.0,9829.400390625,9897.400390625,466411600.0,-0.3177633041490516
2025-12-23,9889.2001953125,9901.5,9846.2998046875,9865.900390625,534194000.0,0.23487695137353096
2025-12-24,9870.7001953125,9893.2001953125,9862.0,9889.2001953125,163408500.0,-0.1872479621824204
2025-12-29,9866.5,9892.7998046875,9858.5,9870.7001953125,347896700.0,-0.04256120761141296
2025-12-30,9940.7001953125,9954.2998046875,9859.7998046875,9866.5,364742100.0,0.7492279744561108
2025-12-31,9931.400390625,9950.099609375,9916.7001953125,9940.7001953125,176045300.0,-0.0935966011866032
2026-01-02,9951.099609375,10046.2998046875,9930.7998046875,9931.2998046875,627469100.0,0.19815642093204433
2026-01-05,10004.599609375,10022.099609375,9951.5,9951.5,713151500.0,0.5361889612580468
2026-01-06,10122.7001953125,10158.400390625,10003.7998046875,10004.400390625,718171700.0,1.17354978064895
2026-01-07,10048.2001953125,10124.7998046875,10032.7001953125,10122.7998046875,705731900.0,-0.7386912564517668
2026-01-08,10044.7001953125,10059.400390625,9995.900390625,10048.400390625,751003900.0,-0.03483817634444749
2026-01-09,10124.599609375,10135.7001953125,10032.900390625,10044.7001953125,714290200.0,0.7922915797135172
2026-01-12,10140.7001953125,10149.7001953125,10089.900390625,10124.5,652275500.0,0.1588981113560422
2026-01-13,10137.400390625,10152.5,10097.099609375,10140.7001953125,956031500.0,-0.03254550102108185
2026-01-14,10184.400390625,10184.400390625,10135.400390625,10137.2998046875,717891900.0,0.4625582575771568
2026-01-15,10238.900390625,10250.5,10173.5,10184.400390625,1132107400.0,0.533705398056578
2026-01-16,10235.2998046875,10257.7998046875,10212.7998046875,10238.900390625,870108800.0,-0.03517193287425387
2026-01-19,10195.400390625,10235.2998046875,10166.2998046875,10235.2998046875,628321300.0,-0.39058342988726413
2026-01-20,10126.7998046875,10195.2001953125,10050.2001953125,10195.2001953125,986370500.0,-0.6751320806584645
2026-01-21,10138.099609375,10161.5,10093.7001953125,10126.900390625,758651200.0,0.11152096665018107
2026-01-22,10150.099609375,10226.5,10138.099609375,10138.099609375,790113900.0,0.118295382157825
2026-01-23,10143.400390625,10184.099609375,10131.7998046875,10150.099609375,630823700.0,-0.06602329803487346
2026-01-26,10148.900390625,10184.900390625,10125.2998046875,10143.099609375,659600800.0,0.054207752920374934
2026-01-27,10207.7998046875,10228.2001953125,10147.5,10149.0,763839700.0,0.5786751080332997
2026-01-28,10154.400390625,10225.5,10144.7001953125,10207.599609375,785126300.0,-0.5244967239981778
2026-01-29,10171.7998046875,10277.7001953125,10154.2001953125,10154.2001953125,794022100.0,0.17120187880794432
2026-01-30,10223.5,10234.0,10141.599609375,10171.7998046875,832508200.0,0.5069825552517302
2026-02-02,10341.599609375,10345.5,10145.400390625,10223.7001953125,951139400.0,1.148556631442671
2026-02-03,10314.599609375,10373.2998046875,10232.2001953125,10341.2998046875,874101200.0,-0.26142287931094665
2026-02-04,10402.2998046875,10481.5,10308.0,10314.5,930136600.0,0.8466587344388802
2026-02-05,10309.2001953125,10404.0,10289.2998046875,10402.599609375,1277189600.0,-0.8990197371347554
2026-02-06,10369.7998046875,10380.5,10253.2001953125,10309.099609375,758885000.0,0.5860997422293248
2026-02-09,10386.2001953125,10420.2998046875,10316.0,10369.7998046875,1018460900.0,0.1580303915797001
2026-02-10,10353.7998046875,10402.2001953125,10330.7998046875,10386.2001953125,993226600.0,-0.31244375104156447
2026-02-11,10472.099609375,10493.7998046875,10353.7998046875,10353.7998046875,961824500.0,1.1360957311757944
2026-02-12,10402.400390625,10535.7998046875,10392.0,10472.2001953125,1022354000.0,-0.6677954228360116
2026-02-13,10446.400390625,10454.5,10380.900390625,10402.5,1406698800.0,0.4220872537093204
2026-02-16,10473.7001953125,10490.099609375,10446.2998046875,10446.2998046875,540732700.0,0.26099128990069187
2026-02-17,10556.2001953125,10556.2001953125,10472.7001953125,10474.0,650471900.0,0.784601179192108
2026-02-18,10686.2001953125,10715.7998046875,10554.0,10556.0,1080504800.0,1.2239824180199117
2026-02-19,10627.0,10687.400390625,10597.599609375,10686.400390625,1134090700.0,-0.5555275324064922
2026-02-20,10686.900390625,10745.7998046875,10626.7001953125,10627.0,798124100.0,0.5620796497273735
2026-02-23,10684.7001953125,10738.7001953125,10660.0,10686.7998046875,702118900.0,-0.020589897433521718
2026-02-24,10680.599609375,10717.7001953125,10645.7998046875,10684.900390625,999959100.0,-0.03838547575120213
2026-02-25,10806.400390625,10806.400390625,10680.7001953125,10680.7001953125,1270688000.0,1.1709612200686872
2026-02-26,10846.7001953125,10856.7998046875,10770.7998046875,10806.400390625,853819000.0,0.3722316908766842
2026-02-27,10910.599609375,10934.900390625,10845.5,10846.900390625,1531094400.0,0.5873853682057493
2026-03-02,10780.099609375,10911.0,10731.900390625,10911.0,1305516300.0,-1.2032952307572655
2026-03-03,10484.099609375,10780.2998046875,10406.099609375,10780.2998046875,1502778100.0,-2.784201913891163
2026-03-04,10567.7001953125,10588.7998046875,10443.5,10483.900390625,1040017600.0,0.7942411212939933
2026-03-05,10413.900390625,10636.099609375,10402.0,10567.7001953125,978325000.0,-1.4660707967615478
2026-03-06,10284.7998046875,10481.099609375,10234.5,10413.599609375,1060629000.0,-1.2474431615737867
2026-03-09,10249.5,10285.0,10082.0,10285.0,1073211800.0,-0.34381342237925816
2026-03-10,10412.2001953125,10447.5,10235.400390625,10249.2001953125,1224090500.0,1.574929040452892
2026-03-11,10353.7998046875,10412.2998046875,10293.7998046875,10412.2998046875,1036944800.0,-0.5624631088329638
2026-03-12,10305.2001953125,10355.2998046875,10258.400390625,10353.7998046875,1083987200.0,-0.4704942061763815
2026-03-13,10261.2001953125,10367.400390625,10200.2001953125,10305.5,816906000.0,-0.4278830159388591
2026-03-16,10317.7001953125,10376.5,10255.2998046875,10261.099609375,896903000.0,0.5491074925546658
2026-03-17,10403.599609375,10436.099609375,10317.599609375,10317.599609375,886665000.0,0.8290976621561259
2026-03-18,10305.2998046875,10447.7001953125,10279.099609375,10403.5,861491600.0,-0.9493555501399206
2026-03-19,10063.5,10305.599609375,9997.400390625,10305.599609375,1157510300.0,-2.374329035864583
2026-03-20,9918.2998046875,10127.599609375,9915.7001953125,10063.2998046875,2623375100.0,-1.4533500737692975
2026-03-23,9894.2001953125,10036.7001953125,9670.5,9918.5,1660414200.0,-0.24327693386355823
2026-03-24,9965.2001953125,9972.7001953125,9839.2001953125,9894.0,1214990300.0,0.7150296696082973
2026-03-25,10106.7998046875,10118.2001953125,9965.2001953125,9965.2001953125,816852200.0,1.4109401997646116
2026-03-26,9972.2001953125,10107.0,9956.2998046875,10107.0,791260400.0,-1.3407204103188244
2026-03-27,9967.400390625,10024.099609375,9883.2001953125,9972.2998046875,1115045000.0,-0.04814343957915669
2026-03-30,10128.0,10135.099609375,9958.099609375,9967.5,954019300.0,1.5984058594484165
2026-03-31,10176.5,10245.7998046875,10118.7001953125,10127.900390625,973401800.0,0.47772752089763504
2026-04-01,10364.7998046875,10396.599609375,10169.2998046875,10174.900390625,1154225300.0,1.8334290540249023
2026-04-02,10436.2998046875,10465.2001953125,10287.900390625,10366.2998046875,1340450500.0,0.6874663641757295
2026-04-07,10348.7998046875,10487.7001953125,10330.900390625,10436.2001953125,844673500.0,-0.8419542705168352
2026-04-08,10608.900390625,10687.900390625,10345.900390625,10345.900390625,1387131200.0,2.482275620648301
2026-04-09,10603.5,10643.599609375,10552.900390625,10609.599609375,696338500.0,-0.05091729971361964
2026-04-10,10600.5,10657.599609375,10576.0,10603.599609375,1100435500.0,-0.02829654800996824
2026-04-13,10583.0,10607.7001953125,10528.599609375,10601.5,1076503400.0,-0.16522297052942406
2026-04-14,10609.099609375,10630.400390625,10569.7998046875,10581.900390625,866212200.0,0.24631464604080616
2026-04-15,10559.599609375,10640.0,10559.599609375,10609.2001953125,808554800.0,-0.4676724791583889
2026-04-16,10590.0,10645.900390625,10555.5,10559.599609375,649656900.0,0.28747978329035245
2026-04-17,10667.599609375,10667.599609375,10548.900390625,10590.400390625,939622000.0,0.7300914072509679
2026-04-20,10609.099609375,10683.7001953125,10583.2001953125,10668.400390625,923835300.0,-0.5498987113829391
2026-04-21,10498.099609375,10635.0,10487.900390625,10609.400390625,734873800.0,-1.0517835372442215
2026-04-22,10476.5,10523.2001953125,10468.0,10497.900390625,842843100.0,-0.2059597552527567
2026-04-23,10457.0,10477.2001953125,10361.5,10476.7998046875,799001700.0,-0.18630430305739232
2026-04-24,10379.099609375,10462.5,10365.900390625,10457.7001953125,649201500.0,-0.7477479475864813
2026-04-27,10321.099609375,10410.7998046875,10318.2998046875,10378.5,939012800.0,-0.5603825467329251
2026-04-28,10332.7998046875,10381.900390625,10288.7001953125,10321.7998046875,931577500.0,0.11329770063758146
2026-04-29,10213.099609375,10338.2998046875,10188.7001953125,10332.900390625,947569000.0,-1.165211093677568
2026-04-30,10378.7998046875,10387.599609375,10205.2001953125,10213.2998046875,1148625600.0,1.6094073557062802
2026-05-01,10363.900390625,10378.5,10294.2001953125,10378.400390625,857577100.0,-0.14365937399336423
2026-05-05,10219.099609375,10365.400390625,10164.2998046875,10365.400390625,1130541900.0,-1.407017150946943
2026-05-06,10438.7001953125,10488.2001953125,10218.7998046875,10218.7998046875,1075796500.0,2.1261592288209186
2026-05-07,10277.0,10440.599609375,10277.0,10438.599609375,1003984800.0,-1.5611683695790837
2026-05-08,10233.099609375,10278.7001953125,10185.0,10277.400390625,747839300.0,-0.4280862453474691
2026-05-11,10269.400390625,10286.599609375,10226.5,10233.599609375,1001278500.0,0.35411114920333414
2026-05-12,10265.2998046875,10271.2001953125,10152.099609375,10271.2001953125,1448117500.0,-0.039938114050884786
2026-05-13,10325.400390625,10360.5,10240.400390625,10264.900390625,747664500.0,0.5837660307260916
2026-05-14,10372.900390625,10375.400390625,10310.2001953125,10325.2001953125,661031600.0,0.4589756800589556
2026-05-15,10195.400390625,10375.7001953125,10163.599609375,10375.400390625,1284799300.0,-1.7259997159162432
2026-05-18,10323.7998046875,10337.400390625,10151.5,10194.7998046875,656424500.0,1.2515213924079764
2026-05-19,10330.599609375,10408.400390625,10315.400390625,10323.7001953125,894090100.0,0.06584364712668461
2026-05-20,10432.2998046875,10458.2998046875,10279.099609375,10330.7001953125,847563300.0,0.97964168325921
2026-05-21,10443.5,10471.599609375,10353.5,10432.5,867561100.0,0.10730315956221456
2026-05-22,10466.2998046875,10497.2001953125,10435.5,10443.099609375,669982200.0,0.21807778110161588
2026-05-26,10491.400390625,10557.2001953125,10461.099609375,10465.599609375,799422100.0,0.23953580502914257
2026-05-27,10505.0,10522.2998046875,10462.099609375,10491.2001953125,1071673900.0,0.1295423122421283
2026-05-28,10426.0,10505.400390625,10381.2001953125,10505.400390625,890072300.0,-0.7548647951049612
2026-05-29,10409.2998046875,10462.2001953125,10409.2998046875,10425.900390625,2180912300.0,-0.16030677787632952
